customer_id,first_name,last_name,phone,email,password
1,Andrew,Goodman,846-790-4623x4715,marieyates@gomez-spencer.info,dE014d010c7ab0c
2,Alvin,Lane,124-597-8652x05682,alexandra86@mccoy.com,2B54172c8b65eC3
3,Jenna,Harding,(335)987-3085x3780,justincurtis@pierce.org,d794Dd48988d2ac
4,Fernando,Ford,(047)752-3122,adeleon@hubbard.org,3b3Aa4aCc68f3Be
5,Kara,Woods,360-693-4419x19272,jesus90@roberson.info,D60df62ad2ae41E
6,Marissa,Gamble,001-645-334-5514x0786,katieallison@leonard.com,8aaa5d0CE9ee311
7,Julie,Cooley,675-243-7422x9177,priscilla88@stephens.info,73B22Ac8A43DD1A
8,Lauren,Villa,081.226.1797x647,colehumphrey@austin-caldwell.com,DC94CCd993D311b
9,Emily,Bryant,430-401-5228x35091,buckyvonne@church-lutz.com,9Ba746Cb790FED9
10,Marie,Estrada,001-648-790-9244,christie44@mckenzie.biz,aAa1EDfaA70DA0c