customer_id,first_name,last_name,phone,email,password,
1,Andrew,Goodman,846-790-4623x4715,marieyates@gomez-spencer.info,dE014d010c7ab0c,
2,Alvin,Lane,124-597-8652x05682,alexandra86@mccoy.com,2B54172c8b65eC3,
3,Jenna,Harding,(335)987-3085x3780,justincurtis@pierce.org,d794Dd48988d2ac,
4,Fernando,Ford,(047)752-3122,adeleon@hubbard.org,3b3Aa4aCc68f3Be,
5,Kara,Woods,360-693-4419x19272,jesus90@roberson.info,D60df62ad2ae41E,
6,Marissa,Gamble,001-645-334-5514x0786,katieallison@leonard.com,8aaa5d0CE9ee311,
7,Julie,Cooley,675-243-7422x9177,priscilla88@stephens.info,73B22Ac8A43DD1A,
8,Lauren,Villa,081.226.1797x647,colehumphrey@austin-caldwell.com,DC94CCd993D311b,
9,Emily,Bryant,430-401-5228x35091,buckyvonne@church-lutz.com,9Ba746Cb790FED9,
10,Marie,Estrada,001-648-790-9244,christie44@mckenzie.biz,aAa1EDfaA70DA0c,
11,Nichole,Cannon,647787401,blandry@henson-harris.biz,bf104C25d0BA4E1,
12,Bernard,Ritter,292.313.1902,tammiepope@arroyo-baldwin.com,bf2fA37cbAd7dDc,
13,Darryl,Archer,(389)437-1716,woodalejandro@skinner-sloan.biz,4fa8ffcdBbf53bB,
14,Ryan,Li,001-119-787-0125x4500,lmassey@duke.com,aBd960429ecd363,
15,Vicki,Nunez,(217)474-0312,zgrant@sweeney.com,2a0c691Ce19C6f3,
16,Sean,Townsend,001-534-283-5153,lkline@maxwell.info,B58fecf82f997Dd,
17,Sophia,Mathis,001-858-762-7896x916,brockmason@faulkner-may.com,41d0201DcF028b5, 
18,Helen,Potts,(140)862-2659,carrollmia@donovan-keith.com,B1A1b09CD5C3b6a,
19,Joann,Finley,(941)715-8720x950,gabriela86@sampson.com,ba5a73D210dCcE4,
20,Thomas,Walsh,679.326.0724,timcoleman@frank-king.org,F6cD561cecdfA6d,
21,Cristina,Lam,4292705811,charlotte16@hood-zhang.org,dEb9310eec04a8D,
22,Vicki,Heath,(889)311-5580x6390,alan46@benjamin.com,ed3894D6DE7F711,
23,Glenn,Wang,834.104.6424x8311,anna80@mata.com,EFeFaC727F12CDF,
24,Darius,Benitez,797-864-3151x25142,garrettdurham@olsen.com,c5CB6C5bFB91fdC,
25,Xavier,Cruz,019-418-8625x65148,andersongrant@pugh.com,C30B3E82E8D89cC,
26,Douglas,Galloway,205-528-2409x137,caleb11@velazquez.com,3d7bE19696ea8Ff,
27,Phyllis,Becker,321-505-4969,darrylshort@bright-tucker.com,A093aA90fa014FE,
28,Ebony,Murphy,772-492-3142,vpowers@moyer.com,a470984c5dBfcC4,
29,Tyler,Stevenson,001-239-175-8518x52340,mmayo@gilbert.com,b1d4abfbCb67feE,
30,Cesar,Bernard,165-366-3660x432,damon31@grant-morrison.com,d667bCC84Ff45Bb,
31,Darrell,Santos,001-604-858-6371,hdaniels@mason.com,Ccb07E00AFf32bA,
32,Amanda,Santiago,218-803-3440x413,emmarasmussen@roman-walter.biz,bd04F2A7BD4F730,
33,Marcus,Mcdonald,828.230.1201x748,cesar71@vang-wagner.com,f1157011c5eDbEB,
34,Lauren,Montes,001-999-585-7539x536,hodgebrenda@roach-winters.com,7c4c673af703a09,
35,Brent,Hinton,210.072.7539x0111,greg77@patel.biz,E7D7e40Cf3A03a2,
36,Jill,Mayo,160-747-3624x8230,brandypowers@christensen.com,B98BacEebC40DBb,
37,Herbert,Byrd,(969)981-1275x78285,gilloscar@webb.com,d1c0dFab10a8383,
38,Don,Krueger,377-366-1889x912,trevor14@harvey.com,f21D2faCa0760A8,
39,Cheryl,Gonzales,9016149714,yvette30@haas-oneill.org,11F97CBDd2C8de9,
40,Rickey,Mays,042-976-4714x26341,cmcdowell@riley-wolf.org,BEBA4fDAA6C4adC,
41,Cassidy,Dillon,001-433-237-3081x336,patrick43@stout.com,0F2E0b5850404A8,
42,Christina,Bautista,(964)671-6776,phenry@tate.biz,6fF3de1DDbeAaE9,
43,Alexandra,Castro,469-312-3108x01224,swalters@harvey.biz,bcE2C6eaAa1d53c,
44,Krystal,Mendoza,001-116-661-7356,mjackson@david.com,fb0eaBDA955AE79,
45,Ivan,Schroeder,524-391-9866,qgeorge@singh.com,1cE4BEcB6F2D2C3,
46,Stephanie,Bradshaw,934-296-1820x843,debbie56@baker-olsen.com,37a20bF88deF55D,
47,Levi,Grimes,325-527-6948,robertmarks@willis.com,EE9381bAEbac1eA,
48,Peter,Sosa,983.760.9410x39862,frederick02@gross.com,7008F9538b6e3e4,
49,Valerie,Haney,001-494-498-9432x8701,yowens@erickson-charles.com,e6D85CcfDE7ABEd,
50,Tom,Gardner,(318)356-6855x56588,darin81@callahan.com,815D27672C2Ba6d,
51,Randall,Galloway,(780)249-8976,stuart07@reid.com,bc9e98FC8e31fB2,
52,Perry,Whitaker,4490502967,jennynorton@randall.org,06c9e9caEBf539F,
53,Gloria,Mosley,296-297-8174x50153,escobardeanna@sawyer-obrien.info,D02c86e781bA06f,
54,Cameron,Little,172-227-4743x55703,stephen57@sellers.com,846D8B34aba64a6,
55,Glen,Gonzalez,494-494-0595,jschmidt@gardner-maldonado.com,305B77b17f60849,
56,Melvin,Day,001-139-178-3697x23267,sheila46@ewing.org,610e5F3baCbd25c,
57,Kent,Salinas,(750)661-7527x2590,dustindelgado@west-khan.com,9F0EbC3b678ad6B,
58,Stacey,Martinez,001-070-431-1693x963,mikayla38@lawson-dougherty.com,82dDB5e20CAA2Ce,
59,Jennifer,Fleming,(534)969-8263,stoutalexandria@meza.com,b78002FEFF5a860,
60,Teresa,Oconnell,104.566.7360x8307,hhahn@cantrell.net,dFe34eAb8614AC0,
61,Bruce,Bass,170-094-5436x7579,gvang@woods.info,aB3351247D3fCD8,
62,Sarah,Sweeney,423.393.5217x1573,lauren93@daniel-farley.com,56Df40b19e3c71f,
63,Eddie,Salinas,8092572517,franklinweiss@porter.net,06CF1Fcd5863dF6,
64,Trevor,Rowland,938.501.2065x13955,simpsonraven@liu.com,5DcB42c2f8fBfb5,
65,Marcus,Chang,479-020-6144x2452,deborah61@wagner.com,E3F8a6D1033a2FE,
66,Sabrina,Roberts,252-641-5581x7135,brittneypotter@boyd-compton.com,DA7b906C5aF71d5,
67,Norman,French,364-757-7628x522,spearsfrank@mclean.com,ccD94BbaEDBBf9E,
68,Lonnie,Novak,810-349-3016,manuel48@raymond.net,41C1B4D2C5b91B7,
69,Casey,Bauer,001-649-360-4291x70493,marilynbender@daugherty.net,ee5235bbf2A66ef,
70,David,Goodman,(976)996-6527x679,ylutz@sawyer.com,2413aA72C4DEadF,
71,Garrett,Rosario,554-299-5195x7535,christiegeorge@dominguez.com,BA1F1A8E7fccb74,
72,Colin,Vaughan,115-772-1697,wilsonyvonne@mcmillan.com,43EB011d4A5af36,
73,Maxwell,Griffin,542-094-1063x74771,priscillaharrell@glass.com,DDCCa6daDFBAFbc,
74,Diamond,Barnett,713.178.8679x870,gibbsemily@fisher.biz,024a3d8Df5abFE9,
75,Kellie,Munoz,597.376.0777x7873,lynnbooth@leach-lang.com,6367E110ccF7c2B,
76,Sandy,Finley,492.301.8374,hmora@brock.com,6BdF3DBf9BcD353,
77,Katelyn,Petersen,888.775.5334x190,santosebony@foley.com,3e34e04B7F7b76d,
78,Neil,Murray,915-049-4725x373,englishstefanie@braun.com,ec3cD83Be620f62,
79,Carlos,Wilcox,(439)435-7502x11237,toddlove@rogers.info,4DD0C3a8a2f3D8e,
80,Adrienne,Lamb,012-588-1523x479,butlerroberta@mullen-pittman.net,0EcdF5f157A10BE,
81,Traci,Levy,847-237-3203x0302,camposherbert@lang.com,61AD5B1099Db9d0,
82,Tammy,Harmon,528-220-2228x19583,abigail05@mckee.info,fD7FbF8BA88Fff8,
83,Nicholas,Arias,650-979-8614x97335,boonealex@cardenas.info,2bcF27a9daa2EAA,
84,Sydney,Solis,591-223-5142x5192,ortegashane@li.com,12Bb4Ba2cB52B89,
85,Jody,Beltran,836-853-8086x15445,fritzandres@morales.biz,eb8Abc5DB466797,
86,Autumn,Choi,374-961-9091x6048,varmstrong@braun.org,8799Bb0d0eF9F7b,
87,Chelsey,Boyer,001-290-975-0712x603,jonathon78@werner.com,483E29cf4aC5A4D,
88,Trevor,Key,813.263.6136,bunderwood@owen.com,37E3234CC7F8da4,
89,Bridget,Molina,001-062-757-0468x5881,jcochran@burgess-costa.com,2D0F54Cc8D96Ad0,
90,Calvin,Rocha,069.698.1319,riveraisabel@harmon.net,CeDC6A5ED20dA29,
91,Austin,Matthews,598-879-1279x72499,stanleymeagan@gilmore-newton.com,eE5F91Bf27BE6DC,
92,Molly,Murphy,(928)843-3496x36630,kathyhuff@white-liu.com,aFbCcfBCbeff540,
93,Jeremy,Haynes,748.955.1267x247,lawsonmicheal@atkins.com,5fb7F35e6Db8e5a,
94,Don,Henry,001-004-280-4158x3147,diamondhinton@mccormick.biz,60d62d8Dbb23C3B,
95,Dakota,Bowman,707-196-7497,branchmegan@dougherty.com,e9eFc5d60ddc3ec,
96,Manuel,Maynard,708-648-2498x1037,xingram@le.com,ad8F5957EdADB7e,
97,Howard,Simmons,001-259-817-5012,ronnie03@bird-hood.com,a3FdF7Ae5E60BaD,
98,Jeffery,Wall,(318)952-4565x2143,wanda50@webster.com,eA4F6CB2ADEBF6d,
99,Colleen,Estes,(198)286-0649x642,tricia22@barrera.com,feCfE5fCc4abeEd,
100,Bianca,Henry,942-219-2911x3796,alan83@olson.com,774623BCD6f9BB8,
101,Michelle,Good,215-567-4480,yeseniacallahan@hinton.com,Db752CCa4aCfd9E,
102,Eileen,Skinner,(310)574-8489,julian74@ritter-mccoy.info,7a0CFf01cCBcA01,
103,Kyle,Richmond,001-053-565-5203,adriennecarson@gallagher-mckinney.org,Be9d5701bDCd1aa,
104,Omar,Davies,317-955-2741x5895,hreid@jordan-pena.com,Fd67d4aDf749FE5,
105,Chelsea,Giles,966.233.2095,sharon31@stanley.info,8b7C8Ffe256FBFb,
106,Pam,Crane,679.659.0893,luisreynolds@caldwell.com,983Dad40cbcBf18,
107,Sandy,Kaufman,(159)790-8136x82786,carlaburton@tran-wu.info,3eD61CdD0B672Fc,
108,Madison,Clark,999.090.5244,ikeith@richards.com,Bd6deeDc10eD051,
109,Leah,Coffey,(589)134-7453,felicia85@joseph.com,7A0AeedaE28Ce67,
110,Julie,Montgomery,471.196.3570x531,jose39@huber.com,822aaF7B5f2CDce,
111,Darrell,Small,(962)163-3676,boyerjoy@gross-meadows.info,a6d9bE38B614721,
112,Andrew,Bolton,964-968-7131x926,meghanharmon@travis.biz,F03BC8cDe64cFCa,
113,Jaime,Hayden,954-342-0875x322,mrowe@forbes-holmes.org,1f239d0e0b92118,
114,Logan,Carney,5052283490,rebecca89@marquez.net,39a6DeEEbbeF8E6,
115,Pedro,Franco,(042)683-5953x29908,hunterjenkins@cervantes.com,d3905aAEeB7eF7b,
116,Daryl,Meza,503.279.5076,conneraaron@bryant.net,FD21f4cce8C062f,
117,Haley,Levine,(617)212-2099x60992,hamiltongreg@perkins.com,BBA47d60EAb3EAB,
118,Caitlyn,Vazquez,001-381-080-7260x28757,ebush@jimenez.com,C90EdA7b802D82b,
119,Keith,Combs,49143402,tommy24@wong-ray.com,f02B9FbEb8Bebda,
120,Hayden,Cline,(400)401-0972,kristinebaldwin@holloway-sharp.com,99b8c488a575a4D,
121,Jeanette,Sanford,858-428-6796,daviesmatthew@turner.com,C3AFdd623C0FbDA,
122,Brandon,Richmond,001-804-161-7001x727,fmcgee@foster.com,5cA80623F6C75de,
123,Latasha,Miller,7853943598,wcarter@ali.info,C0E2ab2e71A490E,
124,Shaun,Luna,(092)989-4066,mshaw@cantu-le.net,AAEfB9E5c86ab72,
125,Allen,Mayer,-8106,danielsalinas@deleon.com,A4F4f2DBB7C8aBf,
126,Yvonne,Jordan,-4651,mercedes83@gill.org,5Cc3bd1D1d6BFd8,
127,Joanne,Miranda,497-913-5358x2593,fernandoshaw@goodwin.org,F156f75eFb91b3a,
128,Jaclyn,Rice,598-049-3970x0517,tamara04@tate.biz,0Cfd5DbB2cBDfc3,
129,Glen,Conway,7639303423,don46@freeman.net,303B081aaFc8237,
130,Stacey,Travis,835-675-9702x438,ygarcia@andrade.com,0c7B750FeEabe41,
131,Courtney,Hughes,007-062-3951x97089,gary98@carpenter-nelson.com,944aAa8b8F1A180,
132,Raven,Nelson,205080357,fashley@burns-mckenzie.com,ffc96A6EDB33EFf,
133,Kyle,Odonnell,(869)952-6857x0872,ywise@winters.net,82b94ddcC7B4FC8,
134,Sherry,Ponce,8636203771,vjacobson@perkins-dunlap.net,A3568fE8Cb3b386,
135,Kirk,Villa,-5155,parkroy@baxter.com,cef51DAE28Fe1D6,
136,Luke,Lucas,073.353.6987,masonshelley@freeman.org,D2E7cfCDF4D2fB7,
137,Lynn,Tran,(303)230-0292x145,marisa90@huynh.com,Cbcd22e7bCd74e3,
138,Brian,Beasley,701-648-3266x75530,stephensmike@bartlett-wade.com,89c66c41c0D791d,
139,Christopher,Savage,312-445-7245x1043,debbieramos@davies-washington.biz,E31833D3D9DbCDD,
140,Dominique,Mckinney,(641)697-2728x62920,felicia57@fletcher.com,4032A3C28aaC8c5,
141,Dwayne,Crane,-1436,logan04@hines.biz,90Ed6bc0d1e173C,
142,Autumn,Cuevas,472-150-7033x46672,jeffreyharding@johnson.com,1FbEcaef8fACcCA,
143,Gregory,Collins,001-972-367-2764x18756,tina43@hayes-johnson.com,8Cd9bf1B1AD1Edf,
144,Isaac,Schmidt,1784697219,paulakane@singh.com,fDFD6419383D4c8,
145,Bradley,Rangel,835-456-3881x7677,underwoodangel@gallagher.info,540b59Cc2a2aFd4,
146,Paige,Page,(724)536-3717,aodonnell@prince.com,2AFBB914C4fACa9,
147,Gwendolyn,Bradshaw,358.010.6852,eugene43@mccall.com,85Cdd16ADD6dCa5,
148,Belinda,Ferguson,307.998.0543,billspears@harmon.org,EF5858dEe5f7649,
149,Ivan,Hines,576-099-0011x49994,tflowers@salinas.org,C1574306202Eb8e,
150,Brett,Lin,(281)503-5416x65312,stokespamela@koch.com,4f108ceFb9b386d,
151,Katherine,Williams,219-925-5503,jorozco@hinton-klein.org,12B5834e77F67a6,
152,Andre,Burgess,568-903-9918x1217,mayerlynn@haas-santos.org,9b50c8d8AA8Aeb1,
153,Laura,Decker,(075)972-9288x584,vstuart@fowler-novak.com,BB6B8ebDD22eBEE,
154,Tommy,Herman,286-978-0607x36120,spencejennifer@bowman-pena.com,1D7A12b13AAd4FB,
155,Amber,Lyons,766-519-2349x13712,betty81@shields.org,234891e3dAC0dF9,
156,Shelia,Yang,(869)648-1559,cynthia09@vang.com,747B4F80e0048C2,
157,Russell,Martin,001-170-348-6034x1281,cody74@cochran-keith.com,de81E89d4a938f0,
158,Yvette,Willis,2167878307,neil44@barron.com,E99c32a01Fd3Fd1,
159,Don,Ho,426-986-3364,rwallace@shepherd-mcdowell.com,57234838A0aD5F4,
160,Ellen,Torres,001-588-362-9168x37122,carla57@roberts.com,C45b1BE6266c8DA,
161,Hayley,Morse,(730)188-5971x5577,fchung@montes.com,2d1cdFa63e6F54c,
162,Ellen,Kerr,-8149,vnoble@mooney.org,333f3F9A9222E1a,
163,Martha,Cruz,747-915-7766x306,collinsalejandro@arroyo.com,846dBfEBB68Bb3E,
164,Douglas,Carson,649610158,ethanle@gibson.com,25A8883aDb70dEf,
165,Toni,Cline,379.527.7815x890,kyleramos@lee.com,d8Cd94028074AFD,
166,Robyn,Berger,835.175.6247x754,amatthews@owens.com,90fc05Eefaa4AE0,
167,Calvin,Roach,(705)989-7127x1441,kathleenbrewer@sweeney.com,Fc8bdf1329ce090,
168,Angel,Park,001-879-705-2671x02795,masonadriana@price.com,3a7836DbB6347AC,
169,Bradley,Delacruz,254-995-3856x158,khendrix@powers-levine.biz,7F2ceBFc5eBE80A,
170,Donald,Cross,(211)448-9417x2645,srodriguez@hester.info,06328dB77db6D9D,
171,Jeremiah,Guerrero,(358)794-8196,mosskevin@perkins.com,337649Ab3CaDFb7,
172,Perry,Trujillo,(679)276-1120x3465,geoffrey16@gentry.com,cfC4Cf6Febff0dB,
173,Brent,Beasley,(417)163-0671,bettymckinney@houston.com,F7d3Ce1c250cbCf,
174,Ariana,Velasquez,141.688.4785x1394,makayla22@carey-james.com,9D65c9EaF3d120E,
175,Don,Vincent,7475416093,jarvislarry@lang.info,E63e09cbA7618Ad,
176,Bradley,Blair,889-692-5299x5156,masseyriley@blanchard.com,84cACb9DF8CFa06,
177,Henry,Conway,091-289-4465x0219,qrusso@le.com,5D74Db6C837AACd,
178,Norman,Waters,290-731-6829x57399,meganwilkinson@bird-anderson.com,F878fF2E97BC2Ef,
179,Breanna,Miranda,240-821-6677x7792,claytoncastillo@schroeder.org,bDD2ebC2Bb4EfeD,
180,Seth,Osborne,423-915-1795,xcoleman@farrell-bernard.com,A5Cd45CD6FEe5A2,
181,Lydia,Ponce,4012641567,lauramorris@anthony-bullock.com,8BABDb31B26eBe3,
182,Sherri,Bradshaw,453-417-0534x1278,mossangela@farmer.com,83DE9dee8ed3B72,
183,Alejandra,Lowe,(443)140-6541,andre80@dodson.net,d4aACF5b785daaF,
184,Raymond,Bernard,(681)600-1670x08508,adam45@tanner.com,9193A4C5a8Cd335,
185,Patricia,Moss,(249)381-9632,pfleming@french.com,edF0eDC8D61ABBe,
186,Hector,Meyers,283-807-3191x14650,bowersjessica@arellano-hart.com,F58a977a2cE01E5,
187,Pedro,Zhang,(873)766-6452,barronsergio@valencia-proctor.com,a45Cd8423E56A7a,
188,Marco,Donaldson,5644222600,holmesdwayne@sheppard.biz,4EA2fe116fb3EB5,
189,Shannon,Yoder,-5406,laura10@romero.com,ccC3b8ae049544D,
190,Brian,Downs,835-200-1345,dcombs@mcneil.org,33bC91cd5EEB5DC,
191,Dillon,Cooley,075-986-4034x964,cody25@watkins.com,5A375fc846cE010,
192,Joyce,Chaney,682-343-3164x5621,joannarusso@nelson.com,DC5AcF32E413E3E,
193,Angelica,Schaefer,(760)747-3821,mark43@stevenson-garcia.com,c0B71AddCF5AcE4,
194,Marcia,Horton,(993)224-4282x8920,mcdowelljenna@beck-lewis.com,44dC6C8Ca4f0a90,
195,Sydney,Barr,(695)288-8162,carlosstewart@deleon-griffith.com,657eA09240Bd02A,
196,Jay,Hodge,001-439-491-2180,fvillarreal@brewer-pena.com,6d0d8Fbf5b2D7bC,
197,Angela,Jackson,196-821-6270x5206,arthurpetersen@bolton.info,53B158FcccFF74c,
198,Bethany,Barrera,001-411-057-3486,rhonda48@castro.info,a8FfE4fbd7910b9,
199,Cindy,Valenzuela,860-035-9154x21075,maryforbes@oliver-mills.com,7fB6124FC680839,
200,Christine,Camacho,-2357,aguirrenatalie@randolph-moore.com,dDfcEc72F9C2EE2,
201,Tyrone,Hendrix,390-305-6359x25631,javierbarron@mcclure.com,46da39f97fAF05f,
202,Roy,Gould,(831)296-1569,fmoore@vega.com,B557b025a4712A7,
203,Matthew,Mann,011-996-6415x73778,summer05@harrison-bowen.info,EAc7eFFfAB5c6F0,
204,Taylor,Torres,#ERROR!,ihuerta@lutz.info,e03f14D59F512A9,
205,Hannah,Waller,403-463-5810x69144,gouldruth@novak-dunlap.com,CEa5C35aEaF44CF,
206,Randy,Cannon,708.846.5418x222,pcampos@lloyd-leblanc.info,BE3c6CC4B8b58ac,
207,Adrienne,Hunter,952-008-0777x0963,lindsay75@levy-valentine.com,eD6bdfeF85Afe01,
208,Raven,Weaver,232.534.0126x732,hutchinsonmartin@shelton-burnett.com,3D60AEa0bAd4fcD,
209,Isaac,Murillo,905.799.2959x3989,schmittstephen@elliott.biz,7E9b016a452809a,
210,Kelly,Branch,(901)932-4326x7097,alexandranguyen@carr-gray.net,C75d32ACd9E04f2,
211,Chelsey,Larson,(361)743-6143x6781,katrinarasmussen@craig.com,2bf6d8FA82ff41e,
212,Rick,Marquez,6204440182,josephflynn@rivers.com,B2ec81f6e1C5AAF,
213,Tricia,Mckee,417-617-5699x985,gabriela43@wilson-stanton.biz,343bfaCa1c6cf20,
214,Rebecca,Blake,984.692.4496x1810,brownvalerie@wade.net,e1BbBb2ebBd4c4f,
215,Dan,Mcmillan,#ERROR!,martin28@gibbs-whitney.biz,cC0fFa66c619Ec8,
216,Sabrina,Hill,#ERROR!,omiles@mcdowell.com,cE7C6adCc0eA8ea,
217,Victoria,Walter,012.856.3350,melanie66@townsend.com,6d8aa560CE110Dc,
218,Jorge,Hendrix,658.303.1832x4024,cbates@walker.com,CF35dAbc52F2445,
219,Jodi,Fox,(953)746-6609,ashley25@lutz-arellano.biz,12b63e4656a94BD,
220,Sara,Vargas,410.944.5826,erikdalton@hines.org,1a94Daeb8ecf5Dc,
221,Cynthia,Johns,184-557-2207,sellersmarvin@henry.com,fCCC17cffd8347b,
222,Jordan,Hanna,-5281,davidchoi@kim.net,feF0F4a69aC9e93,
223,Maurice,Ramsey,784.610.6779x71551,zturner@jimenez-wells.biz,5fC5f9CCEF2DcA8,
224,Catherine,Nicholson,6990218746,bdelgado@henry.com,A449EaabD6a2Ffb,
225,Sean,Todd,035.655.0185,uwarner@meza-carrillo.com,2bCCbaeaFfBe264,
226,Lacey,Bond,873-589-5122,glenncook@king-garner.com,67b2CF189EcFb5b,
227,Katelyn,Wise,444.131.5864,ndougherty@bentley-lutz.com,f4d401cf9Ad1bea,
228,Christine,Bowers,864-462-7997x15262,jmorrow@campbell.info,4F158BB4FFB3Cdd,
229,Adam,Levy,937.480.3643x98361,pcuevas@hancock.org,A205c4fDc4AeD44,
230,Hayley,Ellison,460-054-8907x237,ameza@cobb-poole.com,E51249bCaC2D3C0,
231,Vernon,Warner,367.187.0987x3041,tzimmerman@moore.com,4ae3d1e39eBA622,
232,Fernando,Townsend,217.548.7104x408,kelly08@miller.net,6f65C6ea02BDadF,
233,Walter,Parsons,001-810-483-0432x6641,pboyer@lambert.com,A998A4F98474F3B,
234,Brady,Hill,(251)597-3770,yhaley@beasley-boyle.com,8F7ba1BA4fbCa78,
235,Loretta,Rice,279.450.0168,poncejackie@mooney-allison.com,6F2de1a7EdE2a53,
236,Hannah,Beck,890.966.8503,reyespaula@velazquez-gillespie.com,eF2fec28b643Ecc,
237,Jocelyn,Stephens,001-368-217-6779,velazquezchloe@fitzpatrick-byrd.com,29C5Aa7D394F650,
238,Benjamin,Chan,(195)906-4903x87261,kari54@short.com,A1cFceb6Ab52BA2,
239,Caroline,Clarke,917-288-8837x28207,amckenzie@leonard-newman.com,db7D54e0ABF87C2,
240,Cameron,Forbes,817.417.7386,marie76@molina.org,bB69ADCd6AdD5F7,
241,Wyatt,Mclean,837-864-8967x79624,ckrueger@cervantes.com,2b6af79868F386f,
242,Kendra,Waters,5445638365,tracey11@carney.com,dEc837d5F13C1ed,
243,Tom,Bradley,001-261-351-1172x386,terriblack@huffman-burnett.com,828C734a81bBf4B,
244,Adrian,Frazier,049.485.9910x79759,ballfernando@miranda.com,8bB5Eed0daFEeb5,
245,Beverly,Kirby,(084)862-1420x01125,valentinecarmen@michael.com,DDfd0EEF4B46Eb3,
246,Priscilla,Stuart,(914)412-7148,jessehernandez@holder.org,BeDABcE5dbCa239,
247,Roberto,Hogan,6704403702,christiangriffith@newman.com,57Fb161EEb1C9Ea,
248,Victor,Rogers,001-446-612-7595x848,tannerbrandi@duarte.biz,b9006D3c9cEeFef,
249,Alisha,Gallegos,001-208-419-2907x81591,bernard01@hammond-delacruz.net,EF0B773aE00C2dc,
250,Stefanie,Fuller,841-648-5616x43918,bonnievilla@briggs.com,aD8Db76dA126dFB,
251,Jackson,Grimes,(748)596-0289x119,fullercarly@wells.biz,b8fCA4DbB790ddA,
252,Miranda,Robles,(592)775-2595x3361,sgarza@thompson.com,ebDeea2d7ceA4A8,
253,Gilbert,Bowers,-7502,sfields@sexton-archer.com,BdBF790f2DB42FE,
254,Jon,Gay,001-464-405-4973x992,hmelendez@jenkins-ingram.org,5B789BA48f72Cd2,
255,Julia,Davila,001-230-360-3830x50623,ericafrederick@beasley.org,bbd714cFdfDD3DD,
256,Aaron,Potts,508-464-4330x29848,kathryn22@patel-gross.com,cf01fCEFeABD468,
257,Rachael,Jimenez,(070)216-7245x1049,romerotricia@chung.org,D7BbB33Be1FC539,
258,Lucas,Macdonald,(604)145-2223,masseykathryn@sawyer.com,D16609fed9fEC2d,
259,Kristopher,Sanders,001-610-597-9134x568,eperry@yates.com,aF03B4cFc6c05C8,
260,Alexandria,Hutchinson,7449647777,coffeymichele@hawkins-morrison.org,AdaaB43FFccaB0d,
261,Natasha,Schmitt,051.545.2869x0567,kelliewaters@fox.com,73fAFf3C782aa7D,
262,Jose,Acosta,(729)033-4995x139,brooke89@carson.biz,f21a28E24EDfCa3,
263,Cassidy,Dominguez,(974)729-3737x75245,omcfarland@lin-atkinson.biz,c7838eEacAac61E,
264,Debbie,Savage,793-415-0643,vsingleton@huynh.info,d3eAc0663BA3dcA,
265,Felicia,Burnett,903-009-4355x088,stevensonbeverly@huerta.com,B3b629eDc47eD22,
266,Hayley,Gutierrez,3911087747,janice91@stanley.com,Cf1C67B4bf71090,
267,Melinda,Parrish,318.938.2450,burchlee@atkins.info,7C8DA410a370aa8,
268,Jeremy,Keith,561-320-1675,udurham@singleton-lewis.com,b500ecAa2d630f2,
269,James,Washington,9506037850,jacksondana@baird.com,df8F2Ec3cC9412e,
270,Karen,Leblanc,334.155.1758,poneill@cameron.com,EC9eD68ff2Eb4f4,
271,Ivan,Malone,(636)876-3288x0194,seanhiggins@whitney.biz,CEcCBaC64cCae6a,
272,Jesus,Cox,(804)948-3991,aaronmorse@shepard.org,e45e5fd046d6D3c,
273,Michelle,Lowery,-7341,hthompson@fritz-sparks.com,47097Ec9f8C15ea,
274,Paul,Meyers,350.821.3681x1897,smckay@escobar.com,c9ea1cBBCe212c1,
275,Eileen,Graves,#ERROR!,ddean@gray.com,bCAd9c26D85A9F6,
276,Christian,Jennings,353-105-1827,brett70@juarez-christian.com,AEC4aBbF2AbEe3F,
277,Don,Hendrix,004.354.0200,zcopeland@arias.com,cFac8Afa1A4D08c,
278,Dominique,Summers,411-245-5810x615,traceyreynolds@wilson.com,dDf25B8D5b9cC14,
279,Wayne,Anderson,284-504-0100x286,sheila72@pollard.biz,cBd7C9C9D2c09Fc,
280,Chloe,Franklin,321-310-2883x01104,suarezbarbara@cross-baird.info,57b374c72b5C7F5,
281,Carolyn,Hendrix,784-550-5247,huntercathy@henry.com,D48bd5f8cCc2339,
282,Isaiah,Buckley,562-432-0738x76444,haaszachary@holmes.com,e5cC6aa0B9F6b68,
283,Gina,Townsend,001-566-919-6015x9612,claudia60@farrell-rivas.net,7CdC7Bf06ABB6Bf,
284,Stefanie,Grant,408-095-4895x59444,franciscogomez@klein.com,6841639B9B36D74,
285,Cole,Combs,001-176-747-6010x15230,sdunn@newton.com,aB3D07AEe2FE75f,
286,Suzanne,Pope,(443)037-4233,melinda13@andrade-acosta.com,edF0BCbaf41d20A,
287,Gabriel,Green,070-206-5236,qballard@fitzpatrick.com,BE210AEfc6f1105,
288,Jeanne,Atkinson,8338739166,holderloretta@phillips-hays.com,52B62a129E1515d,
289,Lindsay,Ferguson,206-154-7202x49857,marquezhaley@oliver-figueroa.info,50d2e71E5Cf30DD,
290,Ronald,Byrd,(948)291-7764x934,danielle48@pollard.com,1BEC50dC5EACb1f,
291,Marco,Holden,972-145-5541x55966,maureen60@chapman-duran.com,BB6806cd1bED6e1,
292,Isabel,English,707-024-9199x09135,epatel@ochoa-hoffman.com,a476fE05DE4fe4f,
293,Nichole,Green,001-613-414-2877x508,jpacheco@lynn.org,79Ace6A23BEED5d,
294,Joann,Gonzales,3941592865,earlhawkins@fernandez.com,bbeCA50ff989fC6,
295,Francis,Miller,163.945.6110,kristidaugherty@burch.info,BDED6da71e0fF2f,
296,Stuart,Valdez,319-809-8625x94284,michelleodom@mcconnell.com,7C87BCEf12CB8Ba,
297,Tricia,Berg,(572)435-5301x75929,alimelissa@montes-poole.com,13ABe9a890afba0,
298,Roger,Bauer,827-892-2663x7295,joanne05@barron-perkins.org,F02BecbDbCCc59f,
299,Tanner,Hernandez,031.753.3794x79094,sheri28@pollard-drake.org,f09df5de7A2CD82,
300,Ellen,Cisneros,429.177.2038x11588,whughes@daniel.com,06e2CC6b2D5aD69,
301,Latasha,Hancock,(377)266-4518x939,colleen53@taylor.com,9446Eb5Ae23062D,
302,Jenna,Lamb,017-562-4594,frenchcaroline@chavez.com,bAb7b742456Bf2e,
303,Francis,Ball,617.578.1012x84207,robinlove@mckinney.com,EAB04AAd86319cF,
304,Jade,Archer,030.312.9861x02244,afitzpatrick@bartlett.org,4a219E8afe2F6cb,
305,Zachary,Parker,844-254-1041x6556,willie12@norris-pennington.com,0eeC8874c3cfEE5,
306,Karen,Kent,436.654.3584,vfletcher@pineda.com,09ccbfbdDD6f9c8,
307,Joshua,Dalton,001-755-615-1410x02770,msellers@fisher.net,C0eA15D68D551b3,
308,Kiara,Ashley,(066)660-7132,norma73@martin.com,eCEEbab57beeecF,
309,Doris,Greene,268.520.3987x57283,pjones@prince-blackburn.com,Ab150a0eC9eE5Ce,
310,Helen,Kaiser,6693060061,jmay@osborn.com,061Dd3953AC0350,
311,Ariel,Francis,458-511-1407x3782,gcarter@rollins.net,e72615CbCAfD23f,
312,Heidi,Singleton,001-391-845-0719x17915,tkelley@richardson.com,dEbA4c280C2BC4c,
313,Guy,Keller,469-249-3295x40023,kleinmarilyn@frost-baird.biz,B49A38a0E3636dD,
314,Meghan,Moses,397.979.4605,xcannon@leblanc-hays.com,aC8125126392EF6,
315,Jodi,Moran,121-247-8279x217,wsmall@jennings.com,72B5a2ddE4EF5d0,
316,Heather,York,754.484.8271x55016,jesse32@ingram-paul.com,F26EA73B2B0D680,
317,Gail,Salazar,685-527-3077x323,alvinbeck@petersen.net,F4b4dCF1DEcdB3A,
318,Tammy,Cantu,780-890-7757,crystal44@holder-berger.com,99CFEd2a16AFA1D,
319,Olivia,Mcgrath,210-873-3470x71370,claytonday@drake.com,BFB7C3A44Dd1e9e,
320,Michele,Case,367-436-0262,isaachawkins@brock.net,b7C9e51d3aF5B6B,
321,Matthew,Brock,782-984-2667x648,kendramyers@moses.biz,d64895790A96b26,
322,Jenna,Henry,5125333850,xzamora@rogers.net,15892ECFb9BeBd3,
323,Kristina,Hunter,414.387.9962x8086,bonnie63@potter-combs.com,85fE9bc7A71dCB9,
324,Shirley,Bowman,135.578.2855,nicholasvaldez@wall.com,c9Bb9740d8CEcAb,
325,Allison,Walter,001-997-472-7037x9094,ypage@pittman.com,EdaCbdd53cbCEeC,
326,Frances,Beltran,4349593569,manuelfoster@carr-nunez.com,addC6FdeBB8Cc31,
327,Bailey,Waters,(174)118-8288x93680,jillian22@wyatt-olsen.net,aDd1631F795BFDB,
328,Jeanne,Horn,452.640.7715x489,murillobrittney@johnston-brady.com,77D767dbb3f1477,
329,Jermaine,Hodges,001-531-138-1723x53933,barry83@beltran-tyler.biz,7b7A3BaF1d132C2,
330,Jeremy,Clayton,(420)591-5533x6400,bethmerritt@maynard.com,55182Fe83475b8A,
331,Tracey,Hardy,503.865.4828x2502,lesterguy@figueroa-molina.com,31f87aAa0c99Ef1,
332,Leslie,Mcmahon,4032262988,destiny13@cline.com,9EcEB3dfcABc16D,
333,Peter,Moore,092-294-1882x3430,traciliu@forbes.com,d3bBF1aAF4ab92a,
334,Ian,Krueger,4563136767,uvaughn@gardner.com,5dD77A41eEf6fCe,
335,Crystal,Choi,-9445,usutton@harmon-davenport.info,c292742ce78695f,
336,Lydia,Peterson,001-269-007-2736x370,obarr@padilla-moore.info,88efB789aF1eAE5,
337,Douglas,Waters,378-107-5527x76570,keithwilkins@adams.com,aD4Cf0BF6c3e2bb,
338,Tonya,Bond,001-345-268-6479,dianemonroe@gibbs.com,Ce330c8e3a46aF9,
339,Caleb,Henson,(276)729-7190,whitneymason@dunn.com,DB9fe0FB818Aba6,
340,Tristan,Lynch,681-051-2503x163,cassie84@fletcher.com,8Df6A40b14badC0,
341,Tami,Mendoza,910-231-0320x38991,lwolfe@chavez-morse.biz,E4C15dF29d5f9e6,
342,Leslie,Howe,(635)622-5865x7344,susan82@prince.net,Df6c56F8bFac68B,
343,Luke,Perez,001-674-232-7886x47134,crandall@levine.com,fc0Af8936A663F1,
344,Gina,Rowe,202314255,carolinehunt@rowe-olson.com,8CBa883abAbF420,
345,Darius,Riggs,001-223-637-5084x4810,smcintyre@jordan.com,DbCE25a327a0b3F,
346,Hailey,Hart,165.250.3587,regina66@ochoa.com,Cbd8d5e5ff4aFAe,
347,Larry,Paul,001-942-998-6981x065,russell17@chavez-schwartz.com,cADa7b0B4A1B03c,
348,Krystal,Woods,919.201.3417x93879,hudsonjoan@mora.net,d6Fb4FFbee8D4A5,
349,Tabitha,Reilly,475-797-1986x29372,michealwhite@krause.com,6Adb9b8C9C1dDEe,
350,Roberta,Quinn,907-131-1623,ekoch@myers.com,B67FfF99e083091,
351,Reginald,Pitts,101-028-2024x849,robertsonnatasha@peterson.info,Bacb2ceBD5eC70d,
352,Jesus,Rogers,738-112-1611x7396,frencheddie@contreras.org,C3dE0b33e7fdcAd,
353,Roberto,Roy,(565)392-5117,gnovak@haley.com,feFdfB76f7bFfBB,
354,Jillian,Mccullough,(020)498-7132,lorettamoreno@kerr.net,233b8C0F1360203,
355,Alan,Valenzuela,(196)648-9540x823,mccannmallory@parsons.com,A853040cBF735eD,
356,Kristy,Dixon,535-584-5025x4903,jacob13@mccann.com,Da75138d7ebCDE2,
357,Henry,Holland,615.668.7783x293,benitezgina@downs-holden.com,dFf6f43Aa1fC6fa,
358,Diana,Cox,350.631.7181x282,crystal25@spence.com,acaa3d9fB5803b2,
359,Sara,Middleton,162-920-2655x570,mcconnellglenn@gay-boyer.org,A9ed28AfDac3DBF,
360,Jade,Jimenez,001-970-532-4212x5122,jaime61@wilson.com,Cdcbbc5DE7Da3Fb,
361,Carmen,Mcclain,935.205.4625x707,tsummers@dixon-vega.com,91CDb04d07fdB52,
362,Wanda,Sanchez,(750)689-1255x585,wnash@sims.net,7cC00DeCB8Acb3D,
363,Valerie,Wilcox,-2429,jeanette40@banks.com,7d013321BF8AE3b,
364,Chloe,Hurst,001-430-382-5394,smitchell@harmon.com,eAEFcdc3A18A6db,
365,Virginia,Goodman,139-882-2263x6505,dawn64@brock.com,D5aAb5A9fdAD42F,
366,Erin,Woods,858-589-6684x49913,bholloway@curtis-blevins.com,C84ecBaAEF865F5,
367,Cassidy,Bruce,894.022.6936,dwaynespence@kramer.com,b38a5e1De05Bbdf,
368,Sally,Hinton,265.484.0824,rose26@navarro.biz,6f3799337d34d57,
369,Jessica,Randolph,398.368.3018,kayleehenderson@tapia.com,86c6c79858896bD,
370,Kelly,Hogan,070-023-3022x79970,billmata@hatfield.com,a7Ccf5Cc2Ccb5b3,
371,Derek,Chung,-7700,grahamevan@wright.com,c239cDD7AECcDF6,
372,Shirley,York,246.810.3195x229,flemingcindy@dominguez.net,BCfEfbb07f9CAe6,
373,Cody,Potts,079.652.7124,fischerselena@novak-fitzgerald.biz,87fDFB04b140E08,
374,Erin,Gill,188-227-7401,dixonmelissa@brooks.com,Ba6f5aC5B3A0B7d,
375,Nicole,Vargas,030-173-3258,hrobinson@estrada.com,F59f5AaF210DEAf,
376,Sharon,Mack,-7782,cristian24@hebert.net,64f8dF266dAD25C,
377,Monica,Lopez,1607534127,terrance86@orozco.net,0efb09C7D23f9D0,
378,April,Jones,892-353-6504x1617,taylor78@roberson-cline.com,899cbDE6c10eB9A,
379,Johnny,Reeves,587-480-9020,moyeralejandra@ball.com,afd416397924e91,
380,Brandi,Owens,820.292.2415x55128,karadrake@harris.com,386d8552b5Dc6a5,
381,Max,Rasmussen,001-928-549-3512x57008,shawriley@rasmussen.com,ac739239aFcF121,
382,Christian,Moore,6085361723,moralesleslie@scott.com,591CE8Bb3aB2D87,
383,Tyrone,Holloway,981-381-0758x5982,wdyer@mayo.net,05Db1ADe4B4EcBE,
384,Victor,Ferguson,355-823-7028x2739,savannahglenn@ward.com,AaEbfA8864F0Ffe,
385,Logan,Carroll,327.237.4377,cummingsjo@shea.info,89436752BeBF3Ec,
386,Alexis,Hawkins,001-258-458-3009x78532,lcox@hensley.biz,DaB00C4FE0F94C3,
387,Diane,Reid,001-490-533-3600,ballmartha@salazar-escobar.com,E4693ceD4cf2854,
388,Dylan,Sweeney,001-650-705-7867x2798,allisonstanton@mcpherson.net,c4b2df692043bfE,
389,Craig,Gonzales,663-484-2848x3853,chungneil@flowers.info,Fc9BbAdBCC2716F,
390,Jill,Cardenas,001-939-909-2782x7296,teresa89@wallace.com,B13cC1De16A7b2A,
391,Timothy,Chambers,001-963-502-7652x654,sean10@fletcher.com,4C07dbd609CCa2F,
392,Jaime,Terrell,363-220-7368x6517,ssutton@schroeder.info,54b4C62aADAcf02,
393,Alejandro,Hancock,481-377-5274x93190,orobbins@bradford.com,49D34e92d722DF3,
394,Gregg,Rodriguez,436.480.4182,bernard04@evans-cooley.net,BE30f4B3Ba7Ff3f,
395,Deanna,Pacheco,006-352-7818,courtney52@farley.org,f5d40eD401b66CB,
396,Mariah,Barton,001-102-790-2116x365,rangelbrad@oconnor.org,FCc33a3b8ddddB1,
397,Valerie,Branch,(430)970-8216x0109,jennifershannon@lane.net,6D95f66CAC4bb0D,
398,Jonathan,Norman,(483)724-6953,chubbard@haney.com,cdC6bBAaC9FbFEE,
399,Samuel,Drake,301.235.8441x37411,xholden@walsh.com,dD4217ee6E211C3,
400,Riley,Aguirre,001-500-057-5041x46881,pattonsydney@graham.com,c86eBcC5CE23f1E,
401,Jermaine,Baker,219-345-0818x074,atkinsonheather@sutton.com,fC88F8C5AbE44a4,
402,Holly,Hartman,840-650-0263x98690,tinakerr@aguilar.info,bCdE8dF145abf51,
403,Haley,Frost,(840)558-2581x5754,snyderfred@santiago.info,C81De6a70E3abA9,
404,Lindsay,Crane,2582927721,xgordon@king-terry.com,d6242cBeEfDCB33,
405,Adriana,Bartlett,9302632754,makaylalove@foley-rodriguez.net,E8Af7340E4969eD,
406,Bethany,Ruiz,001-008-242-5333x78184,caleb30@mccann.com,70dAab994Ccc3fd,
407,Gabriel,Weaver,(886)349-6273,rellis@blankenship.com,5b9cF88058fDc5B,
408,Jimmy,Heath,288.812.1579x011,allenwalter@escobar.biz,0e47E9eCDcBaA8B,
409,Craig,Powers,801-840-8731x59596,donnasandoval@sellers.com,ACA39FbBBBBbfDC,
410,Colin,Howard,268-341-0043,manningsuzanne@osborn.net,2020A9EE84edF9f,
411,Edgar,Zhang,178-548-2749x097,rbradley@buchanan-rogers.com,BD974de968Baf25,
412,Carolyn,Lucero,838.597.5076,ihawkins@tanner.com,DF81cAd9404dcc3,
413,Tonya,Parsons,844-243-2253x59574,singhfrank@castillo-horne.org,0B1d8005feeC0DD,
414,Marc,Small,282-750-6217x95672,michaelcandice@booker-hall.com,4EA46eD9c84Ca1D,
415,Dakota,Elliott,200.531.2955x94238,goodmanhayden@marquez-fritz.biz,Ebeb0ff7E3afDD3,
416,Hector,Barry,2280590908,ofriedman@gonzalez.com,b2bEF8ABCaBe83A,
417,Morgan,Wells,(682)051-4671x2714,alec48@copeland.com,7B920F4cdC33Ac2,
418,Maxwell,Glenn,001-775-349-4096x39370,stefanie43@hooper.com,CFd665D3a72d74B,
419,Melody,Young,3016263066,brichard@cervantes.com,c2ba942BF82F54d,
420,Alejandro,Sutton,797-827-1242x92150,jillrichmond@pugh-roach.com,ec7fad7E7089Cc2,
421,Jermaine,Banks,215-615-3911x03142,wilkinsondaisy@chaney.com,cBFeAd9059104d3,
422,Terry,Woodward,(025)888-2467,mcculloughkylie@ford.com,c6CAAD726614682,
423,Tanner,Cherry,323-622-6142,melvin55@marks.net,d3b6B3EfCdC3F41,
424,Troy,Elliott,(105)480-0123x26243,ezamora@burke.org,34f20119a4653A6,
425,Barry,Rubio,879-877-0959x8275,brad79@powell.org,f6EA334f7a88F66,
426,Samantha,Lutz,399-272-1656,collin50@wilkinson.net,FBC23eEd22B3edb,
427,Wendy,Trevino,649-246-3192x6283,christyconway@reid.com,1fcf7f5458afe7F,
428,Greg,Mcneil,(134)788-2076x01663,anitadorsey@mccarthy.biz,df94B1738eaE0Ac,
429,Rita,Hutchinson,281-101-3018x350,friedmandean@hodge.info,7DbcDf7aA078502,
430,Rose,Robertson,055-837-7879x1252,downsjackie@cole-orr.com,6f8f3ACF87266F4,
431,Paige,Aguirre,(294)388-8874x77749,robertsmelanie@swanson-willis.net,7b3c3BB8302cFDe,
432,Xavier,Terry,001-044-902-1021x0730,shamilton@wheeler-jensen.biz,666bcA5d1bC1bB4,
433,Michaela,Thornton,001-512-968-0738x36067,raysimon@smith.com,6aFF059e79908Ba,
434,Kyle,Rojas,(992)339-2987x8823,donaldsongina@underwood.com,1C9bd2b561C6079,
435,Devin,Baxter,509.529.1957x1149,ubennett@mckenzie-farley.info,de867ED21BE7Be6,
436,Omar,Farmer,6754419752,aowens@arnold.com,e0518740Bc9cfd2,
437,Desiree,Vang,001-459-908-2770x5164,leeeileen@peterson.com,62C2a7EF506B793,
438,Fernando,Wade,058.700.1805x79527,frederick82@pham.info,B8ABA5783fE1901,
439,Anne,Winters,1543433537,ybanks@velazquez.biz,3405dAae1edfFC5,
440,Glenn,Harrell,410-876-8930,luis88@calhoun-gaines.com,C06E5CacB0AEabC,
441,Tracey,Boyd,528-632-2992,oconnellkristopher@roberts.com,c987e6535c414Fb,
442,Catherine,Becker,001-952-882-4943x6521,qlambert@obrien-gay.com,Eb815ff4Bdc3Db4,
443,Sharon,Farrell,961-490-5003,masseyvickie@prince.info,2eA0Db58d06eBBe,
444,Clinton,Schwartz,4026886241,robin51@caldwell.net,Bbc62BCaa7EEc1C,
445,Sheri,Perez,137.658.0730x2226,kyle22@robbins-trevino.net,Db223E916D7AB44,
446,Beth,White,001-277-408-3148,hendrixjoanne@hooper.info,CA6Cc405b96dB2f,
447,Cole,Benitez,(485)799-9011,geoffrey76@gonzales.org,E83CA6652fFCf36,
448,Caleb,Chapman,9173070717,lindseymcmahon@hayden-tucker.com,7DbAC1a567CaFbc,
449,Glen,Eaton,069-570-2406x42623,jcantu@clayton.com,CA2C493E84e823D,
450,Cristina,Hanna,009-592-5692x07601,mathew61@woodward.com,3Ab9edfFce89FBb,
451,Kathy,Owens,457-249-1421,ugordon@boyer.info,1fD261D086f6C1D,
452,Rachael,Keith,163-733-5172x202,paula85@douglas-mann.net,D25508749F84F16,
453,Marcus,Thompson,296285294,gravesjanice@rice.org,ff3aB296eC3CbfF,
454,Norman,Mclean,101-792-2248x75474,nathaniel65@copeland-levy.org,9B2bEE619B99C5d,
455,Brandon,Cross,001-381-394-5895,currysabrina@henry.biz,CaC56Fa7fdB3cBB,
456,Autumn,Soto,8241986767,robertasharp@vasquez.info,7d719f1bCcaA3Ac,
457,Jaime,Cervantes,119-870-5313x089,casey71@little.net,fe4b7DfcdE855b3,
458,Reginald,Blankenship,001-379-229-1128,plawson@reyes.com,2FdF7253F607D57,
459,Chelsey,Mcknight,949-959-6027x4955,aaroncollins@nunez.com,b8bcEF027CaB352,
460,Clayton,Lindsey,348-428-5110,katiestanton@villa.com,DdCF0e6Bdfd9abC,
461,Kurt,Prince,392-021-7859x819,thompsonangie@may.com,d8c5E1952bd52aA,
462,Joy,Choi,-8629,sheenarichards@harrison.com,fEDfBd9AefCEE86,
463,Jeremiah,May,(262)014-0619x128,fgoodman@livingston.org,01AEbCbD0cB7cCd,
464,Candice,Huang,075.648.5185x0727,adamsjim@luna.com,2B700A47d0a7258,
465,Alejandra,Tran,154.782.0511,kporter@kelley.com,F0DC08bBe5C8d84,
466,Shaun,Richardson,334-107-6270x7050,craigkent@waller.com,1DdAAb3C139CD4C,
467,Darryl,Russo,(813)961-4357x6049,qbates@randall.com,7A0dA6ead4EdAb2,
468,Joe,Cabrera,(576)331-1523x4246,wesleymcfarland@dunlap.info,6614c31711BB58e,
469,Travis,Duran,001-422-237-1259x85115,rshields@mack.com,Af7F1daF5fFc3aa,
470,Warren,House,001-958-863-5451x76396,brittneytravis@salinas-zhang.org,D91DbdaF9AbE2C5,
471,Katherine,Haas,600-942-9704x234,iheath@woodward.biz,8aaA7b93ecb0a6a,
472,Karen,Burton,808-117-7855,gary29@craig.org,9572F1AbCFCF09b,
473,Logan,Riddle,977-123-8872x405,valerie78@osborne.net,69285d4cD0bE6ad,
474,Kathryn,Hester,001-298-135-6349,mccartycandace@mclean.com,9E2eb00EF367Fa2,
475,Christina,Villegas,(470)738-3122,isabella03@rojas.com,F69a0ecCD997c2C,
476,Joel,Walters,001-751-158-4289x09917,icalhoun@scott.com,05f1D7bA2Bd4764,
477,Frederick,Delacruz,7485075124,kiaramacias@banks.com,AdBE0cFb4dF1233,
478,Warren,Cantrell,698.165.4951x0179,darrell62@dickson-nielsen.biz,C2Cb929eB37D1c6,
479,Melvin,Bates,188-596-0811x285,rashley@robbins-boyer.org,196cd1bEBf9BE88,
480,Meredith,Pollard,001-318-243-7439x5141,sandy88@dougherty-gordon.biz,e140badD88486b0,
481,Dawn,Hines,469-276-0499,nataliemedina@mitchell.net,14ec4E6B5a11fAa,
482,Audrey,Goodman,2530282881,martinjeanette@petersen.com,2aA82CEc2Da615d,
483,Kurt,Waters,184-270-7286,sanderscheyenne@peters-ware.com,6AAe1afbFdAeAFf,
484,Eugene,Harper,115-518-1104x112,charlotte42@bowman-arellano.biz,bBfce6c3cCaB04e,
485,Caleb,Eaton,1736964162,weverett@dixon.info,EC8627a6230b960,
486,Kaitlin,Mejia,001-461-800-0549x5927,ross23@hooper.com,06Fe765659a7ace,
487,Jennifer,Mercado,001-642-243-5591x490,deannamiller@boyle.com,2eF88CDC6ad286b,
488,David,Cardenas,078-430-6698,mpetty@clark-allison.info,7Ee692dCD8CAD8F,
489,Jenny,Reid,057-794-7283x0115,dustinrhodes@fischer-hendricks.com,1C6Dfa0EfEd96A3,
490,Lonnie,Frye,558.481.0137x0251,ronnieprince@haley.com,6a46bcD3CdC56d2,
491,Janice,Mayer,001-168-423-5408x6465,careyspencer@ellison.com,0AcD9d0bA01EBB4,
492,Debbie,Bates,890-390-7381,sfrederick@fowler.com,acf26D1e0A5Facc,
493,Jean,Christian,(804)752-9766,gregory88@kane-atkins.org,4EfBeB41A29fA5e,
494,Philip,Harding,161-735-9006x7587,barrerasamantha@manning.com,0115aEF33Ff7afC,
495,Jillian,Oneal,001-488-605-1551,wilkinsontravis@booth-crawford.biz,7c30B97c1CB579e,
496,Mindy,Christian,061.633.7317,jessicagillespie@ibarra-cannon.org,dfAFD00fa9374d0,
497,Bobby,Mclean,001-841-118-6847x3429,hodgekiara@conley-haynes.info,2EC8778AB8bdABa,
498,Amanda,Santos,092.983.8391x0219,slivingston@cherry-lara.info,E040edB499A6132,
499,Ralph,Buckley,001-027-190-5941x6139,hansenjoshua@pugh.com,aB9FF85332Bfb2a,
500,Brian,Montoya,011-512-9780,jblankenship@harper.com,390f4Fefe8CD44d,
501,Joann,Dyer,(381)810-3453,llowe@mcmahon.biz,BedC4Fbf851fED8,
502,Rhonda,Cook,-6373,rollinscristian@harvey.com,8bDC7FCd0bDD1A3,
503,Charlene,Huffman,-2363,belindawalls@wall-dalton.biz,fcaF0A4f9eE28F0,
504,Abigail,Shah,3369249620,ecollins@wise.biz,8f7B9864aF6B829,
505,Frances,Bridges,063.207.4071x2868,nicholemccann@logan.com,D2b1feDDA3BEBDF,
506,Belinda,Kaiser,(088)972-6248,susan95@burgess.com,2AC8cD1Bdc5AAe5,
507,Michael,Griffin,(520)429-5635x25615,priscilla21@richmond.com,f5319CE131F7b18,
508,Brooke,Briggs,522-888-4371,moraleonard@grant-murphy.org,35DefAbbBaD45a7,
509,Desiree,Sloan,266.796.3286,pittmanjay@pruitt.org,c99EcB1cB9CBCab,
510,Jared,Floyd,(698)752-4375,qenglish@huang.com,5c6ACAAA8dFE4b1,
511,Latasha,Spencer,-8904,sean06@bridges-serrano.com,214a9fEFFc6F0eF,
512,Joy,Mack,893.494.3142x496,calebsolomon@li-berg.com,3EBf95cB4fBa76F,
513,John,Rhodes,062.297.8516x2490,jamiemontgomery@cameron.org,7E044bcbEedBB85,
514,Claire,Schaefer,001-466-412-2339x568,hannah33@leach-frey.com,fdC0B083Cae9B4e,
515,Judy,Nguyen,225.985.8787,tmoses@mueller.com,6f2BBDD4A57e8DB,
516,Andrea,Dennis,291.037.8984x1081,stephensonkevin@rojas-strong.com,b68E5a53fBb0C4A,
517,Karla,Middleton,162.631.2031x11874,nathanielmoreno@cunningham.com,CE4824D6Efb613b,
518,Sean,Coffey,(047)724-5640x598,tbartlett@knox.com,Ca864FdF34fFceB,
519,Nichole,George,(821)763-1287x67117,warddeborah@eaton.com,C9bc697e05CA8e7,
520,Justin,Dougherty,2468288047,robersonangie@thornton.com,F93CdDD9A6aC9a1,
521,Devon,Smith,001-128-294-9900x938,glenda72@hobbs-watts.com,d07a675F0A632F5,
522,Becky,Scott,001-670-136-2445x2162,rblack@benson.com,666bAC9090ca824,
523,Misty,Espinoza,8958143127,zbarron@ross.com,2B73dfDF8fBFc90,
524,Franklin,Rivers,6452262596,miguel73@fisher-hatfield.org,3ba5E3fAE68d927,
525,Leonard,Barber,(339)897-1478,gainesbethany@washington-pearson.com,e17e36c40fA6dFD,
526,Lonnie,Price,776-314-9384x06185,hbradshaw@wang.biz,D50d9BfDd00D08d,
527,Clarence,Cantu,(811)826-3109x160,billy41@malone.net,580D7BbFef6D2A9,
528,Johnny,Foster,997.299.6070x719,lancebenitez@nash.info,9ffeC6Dd1ADdeA5,
529,Richard,Vasquez,001-416-240-5397x41745,jonesjacob@downs.com,DBa86561f0eb9EE,
530,Tabitha,Compton,(415)148-9992x348,joneskrystal@blackburn.net,3B596CDe02dE7C1,
531,Adrienne,Wong,104-867-8861x020,yjenkins@lowery.com,7B9dcC1B6F12d4c,
532,Jorge,Farrell,001-744-318-0340x612,alfredsnyder@tran-ellison.com,4Ec632DE79B28EB,
533,Kathy,Richards,641-650-3021x87498,anitavillarreal@reilly.com,4dBDe7b4c50Acad,
534,Larry,Ellison,001-701-867-1383x1224,chelsey46@calhoun.com,6ab786F1B0eEb62,
535,Gabrielle,Chaney,(446)815-9851x55536,ulogan@gilmore.com,b83Baa3FB8bD6d9,
536,Maxwell,Macias,471-377-5595x163,ray95@barnett.com,8f2fcb5fF2bb8F3,
537,Joyce,Chan,(991)333-4640x442,calhounkari@thompson.info,6E0e975BFDCE575,
538,Kari,Durham,604.491.3461x377,kathrynsims@wong-chapman.com,a0Ac0205DA5CC61,
539,Trevor,Mckee,775-020-2079x497,nicholserika@cooke-le.net,ef1947B9fcf1f73,
540,Diana,Thomas,735.512.3835x8357,brendan87@hale.com,1F435Bcf1e6F9e4,
541,Cynthia,Moss,115.810.4850x424,victoria21@pope-ortiz.com,58c352c869a7441,
542,Billy,Garrison,(361)385-5690,kylie93@patterson.net,276ec18f5546bd1,
543,Grace,Austin,(873)949-1983x4897,hayley87@washington.org,20bE2068b3dF6fC,
544,Kerri,Hamilton,293-778-8348x6650,scurry@schaefer-tate.info,531EC46d609AFeA,
545,Kaylee,Wright,698-954-3625x127,barbara31@page.info,dfB30AeFafbf803,
546,Manuel,Delacruz,608-850-4442,alexandria98@shields.com,9Dc9cD4BeB07bfb,
547,Helen,Baxter,697-804-0117x4196,pacenatasha@whitaker.com,dD82a433b8fbBFe,
548,Leon,Hendricks,(279)741-0423x69516,drew59@strong.info,0001fA39dA6D349,
549,Henry,Contreras,355-017-0172x376,gregorymcfarland@rodriguez.com,4fC75A4a7d9Cd2E,
550,Gerald,Tanner,828-078-2073x85914,isabel75@rubio.com,3C0fC61afA3B2Ec,
551,Ariel,Arnold,(730)428-6709x177,sarroyo@mejia.com,4Ee0B5C383a4f3d,
552,Judy,Fisher,813.823.3028x1288,dflynn@spears.com,d58EDBdF7d212E0,
553,Miguel,Wood,772-470-9914,hblankenship@ellison.biz,197f76Faea8e47C,
554,Lance,Gillespie,(613)802-1612x3942,urojas@wolf.org,cc5D6c37d36FdDd,
555,Natalie,Wang,313-974-3712,larsonray@hodges-bartlett.net,a4Af4C89e95B721,
556,Charlotte,Byrd,8725386164,braunjillian@mcintyre-delgado.com,f1eaacc6D98BAba,
557,Chelsea,Wagner,934.865.0142,clayton96@knight.com,fe4DAb8ead6b6a9,
558,Larry,Rollins,584.674.7798x202,spearsmarissa@flowers.com,A8497fe0cce772F,
559,Paul,Leblanc,(286)680-1556x571,wolfedanielle@pitts.com,05b6ed3aEACDaa3,
560,Caitlin,Vance,(388)401-9174,bonnieparks@ritter-flynn.com,BE9fae1Ac10B5b4,
561,Adam,Shaffer,543.138.1663x40499,isaiah33@ho-lane.com,fE90dD920AAA4bC,
562,Martin,Rocha,970-276-7201x890,montgomerycharlotte@wong.com,5D86bBC0dd02d40,
563,Ronnie,Erickson,106-963-0970,tricia95@mcdonald.com,E8DC64C4e67fDA3,
564,Sheryl,Delgado,(305)830-2923x7751,larry51@stark.com,b8003a3D4b8107c,
565,Kristen,Williamson,122.795.8554,watkinskaylee@pacheco.biz,b57CabD45Be54e4,
566,Cole,Warner,-1761,dorislucas@evans-hartman.info,Fb0e378Af6Ee37e,
567,Lee,Mercado,001-688-880-0262x9032,wilkersonnicholas@crosby.net,Ff5aB5C9b6f2Da7,
568,Paula,Bates,001-127-810-4196x93626,sethrhodes@silva.org,5B7CEEAeFBD3710,
569,Claire,Shaw,(232)325-5438x4420,chaynes@rasmussen.com,8F952d03DDC9EDa,
570,Amy,Mclean,(864)992-4522,hamptontammie@gonzales.com,6ea6dfAEe57f29E,
571,Joshua,Winters,535.993.8658x5889,brittanylandry@whitaker.org,dE4a58E2dd040dC,
572,Brian,Pittman,001-306-273-3597x195,stevesuarez@winters.com,82CE976694CDE15,
573,Jeffrey,Waters,001-785-526-1474x848,mezakristina@hunt.com,0E3b1a3f39221Ea,
574,Denise,Barber,255762512,qmyers@dominguez-doyle.net,393d4147E61d8F7,
575,Wayne,Sanders,6216972099,eshea@simmons-calhoun.org,FAcBc1dd26EeAfD,
576,Sandra,Sparks,(387)623-0064,mcgrathdalton@barr.com,4caAC4F5175aBeF,
577,Jose,Singleton,829-791-0792x681,donhood@gilmore.com,c8C434b1A3dF31f,
578,Joel,Shea,517-016-8892x66533,gfarley@wheeler-ayala.com,aF4fA3aCA4bD5eC,
579,Sergio,Marquez,001-841-550-2611,darrylbarker@hebert.com,895c3d6c2B7f017,
580,Latoya,Decker,018-498-6552x49343,audrey14@hopkins-serrano.biz,fEceCCA3A41c4b9,
581,Chase,Guerrero,345-139-2949x294,randall08@palmer-wells.com,9277977d7ff97fD,
582,Jeff,Tate,723-951-5181x51343,carlsonguy@massey-brock.net,0dCeC4a8cAeefc2,
583,Brandy,Valentine,001-328-943-0547x44801,dkirk@bartlett-gross.org,1Ca8b16dAd6F75E,
584,Jade,Vega,852-988-2801x920,ihaynes@velazquez-robertson.org,1d9E6c096AfD0bb,
585,Melody,Nielsen,(792)527-4293x9478,biancapratt@espinoza.org,D85Baf7dAe6aba1,
586,Brandon,Webb,247-496-3617x4442,cheyennemurillo@campbell.com,05a3385fc5a8cc1,
587,Jean,Mclaughlin,316-885-2486x37693,jeffrey93@russell.biz,6f3fa641ccba5EB,
588,Albert,Case,1409330227,krystal85@aguirre.com,cc4CFf3Cae8Fa5C,
589,Jose,Duarte,001-921-628-7818x742,billykerr@martinez.org,cfa4f67fF42bCa2,
590,Jennifer,Brady,559-737-7735,darrell48@robinson-graves.com,aA04De37fe1EFcE,
591,Angel,Conner,799-038-1973x31589,fgeorge@daniels.com,d3944d30ECa7a7A,
592,Alyssa,Gamble,446.077.4531,donaldsondamon@dickson.com,BAcC813eAe0B26e,
593,Lawrence,Campos,126-968-6585x449,santosrussell@hicks.com,D48fdcDF9d7A214,
594,Joyce,Michael,001-924-051-0560x8625,tomwyatt@fischer-morgan.biz,66bf59d65365BBB,
595,Doris,Fox,(049)441-6524x3925,gerald81@norris.com,43eD93bE0Dc7F95,
596,Johnny,Harris,(934)006-7345x1991,ihutchinson@bass-nunez.info,9eEdEaf8F8e087c,
597,Leroy,Vargas,001-731-995-1045x73172,helen10@mcgee.com,e35daaaE8442628,
598,Diana,Green,1330301835,anarobles@barton.com,9dd1f1f82b87DaE,
599,Victor,Bowman,855.904.1357x422,nkey@buchanan.info,DF017FED418CdCb,
600,Alexis,Perry,(864)068-9264,singletonbriana@cameron.com,cdadAFc0c4CA025,
601,Xavier,Mooney,001-871-544-0771x92696,jessesavage@barr-mathews.com,1C8dBF1415ba679,
602,Lawrence,Gross,514-979-1897,ryan38@delgado-crane.com,8f0a3ba91c1Eb43,
603,Albert,Myers,001-431-456-7655x0805,wnielsen@reeves.com,bB93cEc8d4FeaAC,
604,Mikayla,Oneal,(667)520-6791,rbryant@ritter.org,2e5a2200bD6C818,
605,Frederick,Mcgrath,282-880-3704x78176,jonathon19@hicks.net,3BaB4b80DDAeDB7,
606,Kirk,Benitez,(393)009-8348,mconley@mercado.com,698Df6Cf9f97ddF,
607,Alex,Mcdonald,661.855.9643,bailey40@le.com,AbcaB8cF43b0C1d,
608,Trevor,Hayden,054-671-7769x0601,kathleenvillanueva@bullock.com,42b9A4e192da5C6,
609,Sherry,Lane,291-770-7166x110,vmorrison@contreras.net,d8F1245a7Bac36c,
610,Mallory,Pratt,886.407.6741,cunninghamshelly@hines-curtis.org,DeBD13fe82A9E5f,
611,Daniel,Flores,571-521-3846x57224,bvance@pollard.biz,Dcc46b0FcAfB2C9,
612,Jesus,Kane,108.971.0721x622,moyertanya@santos-fletcher.com,2F83b82be96bc01,
613,Gilbert,Hendricks,(221)089-3081,castilloluis@kent-reese.biz,4a52741EB5a7Ed1,
614,Kerry,Sanders,001-226-444-9485,zcase@mccarthy-patton.com,05c1eCeEfE7DDE9,
615,Alexandra,Davidson,(046)172-4456x00453,deleonclinton@harrison-small.com,6d4bAbB01c22E0F,
616,Vincent,Carey,001-700-782-7652x43567,josephmeyer@cameron.com,8ce2a9f6BB02b0d,
617,Parker,Russo,800-134-7296,hancockbrianna@mccann.org,F9AEc2F51C5EDaE,
618,Ebony,Velasquez,(273)873-2514x0301,marvinschmidt@lopez.com,9385f009fFFA723,
619,Jesus,Holden,201-923-9778x77610,rutharellano@stafford-gross.com,E8a23B90899B6d7,
620,Candace,Chen,580.784.5445x8799,candiceguzman@carlson-graham.com,10E34ADcd62bB92,
621,Juan,Saunders,622.669.1603,choidean@hays.com,33a3Afa322E1033,
622,Richard,Serrano,1312959767,mario93@roy.com,1BE3BBe52EccE45,
623,Rick,Barrera,1246308068,cmercado@reed.com,D270EFAd9D76A76,
624,Meagan,Hoover,045.978.0060x2686,alvin00@zavala.com,9eE3e7AdfbD7Da4,
625,Larry,Huff,001-460-621-7336x21105,kennethtownsend@dominguez.biz,d6ECEA63A80bBFf,
626,Kelli,Gonzales,(146)723-4725x320,jgonzales@maddox.com,014A372AC33c4F4,
627,Crystal,Howard,(294)591-5368x2730,gwendolynterry@blanchard.com,41eAa5e67049D75,
628,Frank,Walter,001-835-636-2317x30070,leachnina@cantrell.com,FF8fd2c75FeadBE,
629,Rhonda,Donaldson,683-206-2812x62499,ellisontanner@gray-lewis.org,ACd6d2856c3e9c6,
630,Lisa,Duran,(530)069-8101x9936,hammondcristian@berry.com,4213a532367a4BA,
631,Isabel,Cisneros,-4148,mccarthyangel@tate-lam.net,5eB3Ce3ee5dAeDF,
632,Bianca,Jennings,1044305513,rodriguezralph@herring.biz,EeEdaba9dDb8B0c,
633,Leon,Lang,001-887-377-4049,grahampaige@carpenter-olsen.com,9fb8Ad13C8a1d31,
634,Luis,Zamora,879-821-5036x88727,mcleanmichael@arroyo.com,166Cfb97832F81d,
635,Mitchell,Chang,(431)117-2099,colleenbarnett@hobbs-smith.com,adfaD758ea6760B,
636,Edgar,Terry,433-658-4621x897,kphelps@trujillo.net,aA88C4FD77e8d4E,
637,Norman,Howard,001-425-986-9926,peggy04@mack-chambers.biz,3b480808b1Db3d8,
638,Fred,Alvarez,001-084-338-7865x4610,ccollier@baxter.com,9a17fFf3FF40B63,
639,Lauren,Nunez,5031912516,harrellkirsten@knox.com,D3a6bBFDEaff3c7,
640,Kristen,Terry,(092)964-5423x51182,qhinton@ferguson.com,12e7C8A38a58Af5,
641,Olivia,Cross,(834)478-1447,alec41@stuart.net,eE3aabEcf63fb74,
642,Leonard,Pennington,780.597.0581x28424,victoriacooper@avery-mooney.com,d4B4312AE1B0B64,
643,Nathan,Bryan,500.343.1102x896,brucecarrillo@evans-powell.net,aA2Cbda7aF7CF6c,
644,Theresa,Gallegos,652.313.4558,ybrandt@hahn-mejia.com,0913aD6BB949c79,
645,Jamie,Hayes,156.475.1722,max17@estrada.info,429cEAc4e675cfc,
646,Wayne,Herring,001-465-264-0729x0552,maxwellallison@gay-lynn.net,f200f629aE89Cf9,
647,Allison,Franco,001-008-787-6625x2345,wileybill@archer-mckenzie.biz,f573f7Daf3f97E6,
648,Ronald,White,682-407-5337,mmcclure@wiggins.com,3b03eFcCB873a8F,
649,Deborah,Taylor,3272511481,catherine11@fleming-hull.com,c21Ce78AfddBcE3,
650,Shari,Bender,001-315-690-9856x3289,mannashlee@kaufman-osborn.com,13daEd070a6Db0e,
651,Brooke,Gibbs,642-178-2908,stefanie48@fowler.com,7a060190AD8B1F3,
652,Ashley,Melton,954-391-2767x2713,dustinbray@edwards.com,7e1DEE74450dFDE,
653,Teresa,Hart,(810)085-5362,williamschmidt@watts-west.com,38e7CFf07892bD4,
654,Bonnie,Erickson,905.720.1280,blakefitzpatrick@preston.com,EF82a88b39ca3a8,
655,Ruben,Trevino,001-001-755-6573x744,ksheppard@moody.com,612FeF4eF2faD8A,
656,Fernando,Perez,935.662.4930,lancearellano@gentry.com,Fe5dDa1b7B3c7EB,
657,Katelyn,Cabrera,001-748-474-1725,msantana@lester.com,bb94A4cdAD16B0E,
658,Sylvia,Lin,(737)463-4946x28020,stevensmaureen@watts-tapia.biz,4E100fFA492E3fC,
659,Margaret,Snyder,852-405-0322,mirandaburnett@bradford-ross.com,f3D6d3A26eBFFAb,
660,Trevor,Schwartz,(143)125-7299,graceherring@pratt.org,1C6C7B3e2617b55,
661,Bethany,Colon,7672452943,mallory42@porter-cox.com,95F882c8ebf0cc3,
662,Dustin,Vaughan,001-581-265-7460x9128,rebecca69@nolan-hines.com,0DBfcB30c0D3EdC,
663,Jim,Oconnell,(917)645-8692x92417,charlespriscilla@adkins.biz,DbeFFa6cBE0f44a,
664,Kerry,Roberts,(809)288-0431,brettcrawford@griffin.com,DEA5834A1ba5E7D,
665,Allen,Mcgrath,780-141-8750x802,lisa85@rivera-schroeder.com,4b19DFf62a7Be0d,
666,Darlene,Ware,(773)609-6534x03500,xrosales@odonnell.info,B6FCA2Bf61a19CF,
667,Jane,Roman,938-981-9582x3808,hollowaymarcia@boone.com,0b142ce72bf8AF8,
668,Sheena,Burns,724.799.9739,garrettwheeler@bullock-cervantes.info,A1Dd925888dCbEd,
669,Patricia,Cole,553-341-9264,tiffany09@hunt.biz,37778daaFD41EC4,
670,Shannon,White,163-260-7090,romanjoyce@ryan-macias.info,81FA5D97d96Fc6c,
671,Mandy,Farley,(397)855-9737,duncanmadison@schmitt.com,B64Cde5cCE8f8D3,
672,Walter,Barber,778.939.1428x252,jimmy88@cruz-mcmillan.net,f0cd5Ad2B149F82,
673,Summer,Fox,262-020-6183x48272,peckbenjamin@medina.com,8bd2A3b426e5851,
674,Jeffery,Stuart,305.375.4582,karl79@shannon.com,573F08aC80974Ce,
675,Carla,Saunders,651.181.4126x613,bmoreno@fisher.net,71628DEb7dEBEF3,
676,Dustin,Herman,(062)385-6926x539,gkane@young.com,f232E2E9af95a1d,
677,Melody,Mckay,159.010.0744x631,bookerdennis@garrett-winters.com,765daaEEECC07F4,
678,James,Ward,(674)232-5443x309,sara28@singleton.net,08a3cA5AcB14199,
679,Jasmine,Berry,972.058.3388,garzabianca@reed.com,7fEdb9Ec7af2d70,
680,Vanessa,Webb,-7239,arielbryant@kaufman-frazier.biz,F4a4EC017A08De6,
681,Jermaine,Diaz,001-686-391-4184x965,shelby88@merritt.com,7dafD51fecbF1f8,
682,Mary,Holder,351.778.7812x29993,alexandraforbes@conrad.info,eDFfcd9AB07A33F,
683,Johnathan,Mclaughlin,934.810.4293x4609,stefanie30@hurley-wall.com,18E97f29B7B2df2,
684,Tracey,Massey,-5334,meghan46@james-villanueva.com,Ef37Ecb15BaC5D9,
685,Tristan,Brooks,640.241.8960x05257,maynardkatrina@stone.com,bD5A6B2EBdeEF95,
686,Sara,Gilmore,(230)972-0993x995,wongwarren@riley.com,db0d18D1374dBaC,
687,Norma,Page,143-554-2456x8134,sabrinapeterson@webb.net,7af6141EBcBCEda,
688,Levi,Todd,046-739-9713x6359,cuevasjade@gilbert.com,4dDFBaA4e4bC29f,
689,Anthony,Curtis,001-178-230-7640x879,colleen70@johnston.com,ecd4a2f35fADc55,
690,Kristine,Hawkins,9325649072,natashawarner@arias.com,36Bc0b09Fe542dC,
691,Ann,Levy,107.331.8104x247,svance@mendoza.com,CeC40FA70a7CE35,
692,Laurie,Mccoy,(083)997-1630x678,hughestyrone@medina-morrow.org,AfBbac14dd9E5BD,
693,Stephanie,Rivera,(291)032-7478x3921,leonpedro@moss.org,74f512837b7F179,
694,Ebony,Yang,413-413-4353,lbray@ferrell.com,5EbAB6F9a519dD5,
695,Norman,Morton,(202)135-7697,jermaine75@fowler-hancock.com,E51a2f6ab11a5cf,
696,Joann,Holder,641-824-1725x67554,strongterrance@wolfe.com,2d6fccacB89Fc9a,
697,Catherine,Davis,001-620-071-4382x98993,clinedennis@madden-cox.com,42113293F4aEaAb,
698,Grant,Mercado,(084)072-3076,pgarcia@floyd.com,D0db4FaD1ce14Ef,
699,Jessica,Aguirre,101-651-8437x6195,garrettmacias@booth.net,C4d0ca467fCf58E,
700,Trevor,Bowers,001-634-310-3561x7767,joycedarryl@dillon.info,Fc9d9497A53568a,
701,Autumn,Norris,389-275-8637x6575,mckenzie25@lang-donaldson.biz,Aae9f03Bc2FC6F9,
702,Nancy,Price,(244)951-9482,mikaylagreen@coleman-cowan.net,D5cA65aE99CF760,
703,Kevin,Lozano,012.667.8351x50404,jeffrey39@bautista.com,Ac021bD312b4Da8,
704,Dale,Hendricks,975-431-3171,robertamays@waters-joseph.com,002c9A213Db0067,
705,Alexis,Carroll,(512)836-3507x74778,patricia79@fritz.net,d5698dD6DD5624A,
706,Javier,Bowers,(075)457-5517x67530,harmonclaire@reilly.com,AEECeE395D4F1B7,
707,Zoe,Guerra,345.492.4217,cnewman@price-morrow.com,8b6d8b16D0C3b24,
708,Tim,Henson,378-939-1964,matthew00@sheppard.com,0Fdd59e7856db8f,
709,Tim,Larson,(689)706-2281,toni70@santiago.com,7Cf4a2b0bdD4522,
710,Brian,Banks,956-608-9324,fordholly@mason.biz,52725aC4cFE8EE5,
711,Destiny,Cooke,086-366-1883x533,wandaruiz@hurley.com,BE9daBEf6dCfD7C,
712,Austin,Bright,001-526-053-4198x29394,ryanapril@francis-rowe.com,84F1B290A0Fb1fc,
713,Briana,Davis,001-955-011-6356x92144,jermainefleming@vazquez-hughes.info,1C1Dacf3d47eb8e,
714,Darius,Lara,293-097-7390x7846,ualexander@braun.org,a20F19CfE2aD0ca,
715,Toni,Rhodes,001-740-951-9735x19690,ayalapamela@reilly.biz,7Af8fF9aF8A47C5,
716,Warren,Willis,(690)988-2386,qnunez@vincent-gregory.info,CFC6056BC2C3B0c,
717,Colleen,Cordova,241.016.4601x58665,hardywesley@barber.biz,Ae8C347aE0b3c5E,
718,Marie,Norman,001-353-743-7661x22563,ogoodman@small.com,0EfcA43fbCdCDCC,
719,Jasmine,Morrison,(085)177-8857x9901,mhayes@moss-martinez.com,ffE8F5d071d1D48,
720,Catherine,Perkins,2799043535,ebony76@odom.org,46fb14B9A0DEeeD,
721,Nancy,Williams,090-310-5683x912,mcmillankarla@jarvis.com,0274db23E8f20bd,
722,Noah,Hebert,9114830093,abarrett@hodges-anthony.org,B56fCA985Bd5fC5,
723,Latoya,Gillespie,643.977.6128x19318,aprilbranch@knight.com,2Cde1Ce64CeD4aF,
724,Chelsea,Oneal,706.726.7143,prestonbarnett@bell-haynes.com,cB72F31ebEE5f76,
725,Katie,King,001-821-418-6267x16142,potterdamon@mccall.com,cAEbCE6A6b23c32,
726,Colin,Doyle,950.410.8691,allenbrady@robbins.biz,23d0d1CB661AE47,
727,Sonya,Schroeder,620-337-2594x249,kayla90@andersen-huber.com,6F3dE3F6dE0F8f0,
728,Kayla,Guzman,9224105102,patricksteve@fleming.info,e3eDEACd48Eb36A,
729,Christie,Jenkins,681-064-4489,breese@oneill.com,0C18158818033b1,
730,Joanne,Ferguson,409-258-4406x903,haley88@contreras-farmer.com,6f4b0e8ef9ee1fF,
731,Yolanda,Robinson,635-918-7688x045,daniel92@lynch.com,Fe7e4bb1CB8EEF9,
732,Katie,Craig,971-044-1114x03531,ronaldwheeler@figueroa-hendrix.net,d291Dd7bAC89dC1,
733,Dakota,Chavez,616.268.3843,chanpatty@mclaughlin.com,52C9b5E837d2EfE,
734,Johnny,Randolph,001-305-523-1330x558,martindoyle@villegas.net,20D4eB7Cf91Ff0B,
735,Collin,Alvarez,001-272-422-9616x2196,ritablake@shepard.biz,BAFdDdf03E7560e,
736,Cassidy,Melton,961.864.7074x44148,qmooney@banks-huber.net,f0daf364d8fC752,
737,Adam,Singh,(201)217-5414x76650,chandlerluis@forbes-dickson.org,A7d0eb4f6Bb890f,
738,Hayden,Pugh,725-149-0412x68802,aprillewis@pham-tanner.com,Ae9Cd0e71d62d03,
739,Kellie,Salas,5705813957,peter54@bentley-morrison.com,B8Fdde1a5d41fF3,
740,Caleb,Watkins,(135)892-4638,isaiah61@vazquez.com,a807843FaFA5C15,
741,Troy,Fritz,119-263-4993x0315,rmartinez@huber-larsen.info,D39B2f3649fA9dF,
742,Phillip,Duffy,7397048829,christian65@mayo.com,09193dD798CFB29,
743,Claire,Robinson,712.336.6117,sbeck@gray.com,3bD1F8c48B36CDa,
744,Jackson,Estrada,(660)779-1538x821,larry07@long-banks.biz,2420Ef1d4C72c29,
745,Tiffany,Peterson,858-319-6403x781,alisonali@gibson-paul.com,F6F275AfDfb5eF6,
746,Jessica,Carlson,3340955302,floydandrew@chang.org,FE61cAD2efceeAa,
747,Alvin,Roy,001-476-415-2700x35855,gerald08@farrell-roy.com,eBE184BCd649Bcf,
748,Harold,Paul,490.268.7559x40231,juarezphyllis@cunningham-hodge.org,ACf20DbBECE71D1,
749,Rodney,Underwood,780-140-3427x06362,tracihayden@clarke-little.biz,72D47bcC2bbAA9d,
750,Adrian,Herman,(403)064-9377x718,gutierrezbob@paul-mccoy.com,4AD57F8c4B26e0d,
751,Clifford,Phillips,677-924-6108x520,andersongrace@odom.org,2BfbC3b46ACf9f5,
752,Regina,Mccoy,(986)519-8640,rushshari@day-singh.com,66C4aAA315fEFa2,
753,Kaylee,Bowers,922.157.5301x43064,billymiranda@knight.biz,9FF418832B9D63E,
754,Reginald,Frederick,650-842-6537x733,robert91@maldonado-knox.net,a9E42BCDBa2Cd83,
755,Shelby,Reese,-9083,charlene99@dixon.com,079DE71dEE3AFFb,
756,Connor,Gentry,340-458-8448x9429,igraham@flowers-stein.biz,CC499DaFEDdD3b8,
757,Kevin,Fleming,157.074.5677x8272,justin34@ruiz-wood.info,abC0f3FEb576DFA,
758,Connie,Mercado,(007)901-2759,gallagherfrank@fitzgerald.com,2b6221ca8A40B98,
759,Kaylee,Barber,590-801-4830,nicholasmaldonado@west.com,7c5a7CeFA99bd34,
760,Betty,Duncan,-8321,joel57@singleton.org,90F1B3e4df1a842,
761,Dwayne,Sweeney,(128)520-7063,rbryant@burnett.com,e92cB5ed6CAADf7,
762,Kenneth,Anthony,001-827-560-0044,piercefranklin@livingston-bass.biz,5FDFdB02Df1a7Ca,
763,Peggy,Montoya,9941127439,goldengilbert@goodman.org,4aA88FE64a6c1f6,
764,Jonathan,Briggs,(824)218-5384x131,dicksonshannon@levine.net,77DCBC5D6aba4CB,
765,Sean,Gray,(432)642-7473,drewmcgrath@bowen.com,F02fBDABc21Cdc3,
766,Rebekah,Villegas,358-433-4717x053,erik89@woodard.biz,e4BD1EDbA0ecBEC,
767,Lisa,Small,(839)370-9200,chungsharon@zavala-bond.info,FA5eC394A3EbD31,
768,Paige,Pineda,686-352-5419x4518,hughescesar@pacheco.com,6C99B9dACFaA5D3,
769,Howard,Glass,466.476.5092x2423,ykeith@lloyd.biz,2dF8514Ea0Cfc1D,
770,Jose,Bond,620.213.5251x61915,roberta05@bates.com,dc1A7c225E1Da1C,
771,Janet,Bass,961-279-7725x8495,yorkjermaine@noble-hayes.net,A73AFAd83b81E73,
772,Jasmin,Waters,(100)042-3614x67556,pclark@ortega.com,cDBe5cFdbB3Ae4F,
773,Jennifer,Mcintosh,(658)565-9042x785,bianca43@nixon.com,EFAbeA7ac6B6BB3,
774,Gina,Benson,260.034.6056,geoffreywagner@willis-macias.com,6af3BfF9eb61f80,
775,Vanessa,Gardner,367.346.5645x20766,haley36@maynard-richard.biz,E72F96eAffCfebA,
776,Brenda,Clark,172-984-8633x59652,taylor22@chavez.net,cdbf992db6BE7Ec,
777,Chelsea,Randolph,(953)765-3316,corey96@conner.com,A29Fd2CbDfEBdF0,
778,Tabitha,Logan,(858)389-8354x92996,melvinwilkerson@serrano-ochoa.com,af2D2C5b68fFb83,
779,Anne,Cabrera,450-030-9497x5825,sabrina88@buchanan-richards.net,90ddbC31FeE6Cd2,
780,Logan,Lamb,296-486-6498x3584,wsutton@vega.com,B480754c5Be9fD2,
781,Reginald,Mann,311-758-1838x851,gabriela19@rivera.net,d24a6DdAD1FD742,
782,Bob,Rosario,727-528-9832x0341,elijah10@zimmerman.com,1B3ce68C7522dab,
783,Andrew,Weiss,001-739-121-0612x185,monica69@cohen.org,53d3cC4E7e029bB,
784,Rita,Livingston,(848)440-4216x2032,earias@rangel.info,90f5af7C2cBDe94,
785,Briana,Peck,001-921-460-8818x909,miguelwilkinson@shaffer-beasley.com,a5B335e09dFcA76,
786,Brady,Mcdaniel,352-880-8085x79835,echapman@small.biz,eB21Bf50Cee268E,
787,Clifford,Rivers,811-895-1562x16746,khoover@atkins.com,4289fe97718be15,
788,Kathryn,Burgess,004.464.5105,hayden76@estrada-michael.info,4Bb1D5D38Fd23FD,
789,Rodney,Esparza,640.924.7378,bkirby@arellano.com,11ffb40267Db802,
790,Gabrielle,Vincent,(330)060-8763x13256,isaacbyrd@chang-mcdonald.com,BCcebE096E2329B,
791,Yolanda,Schroeder,997.566.7029,andresgrimes@graves.org,bc41735a1b5cBBB,
792,Jonathon,West,(805)214-9010,maureen96@heath.info,31FAbECce962766,
793,Lee,Harvey,001-504-823-7259x294,tracie58@marsh.com,B8B1EdbbbF08c2c,
794,Yvette,Mccoy,1888274804,aatkinson@suarez.biz,aD0CaDFf8b23B92,
795,Kayla,Fleming,571-790-4196,emma49@dunlap.biz,77eb3D79aE7FFB3,
796,Vernon,Flowers,001-411-825-1728,xkeller@cole.com,1f1c661cF5Fa2cA,
797,Bobby,Dodson,103-694-2177x07046,eugenemarsh@english.com,12b349ebc8c41Fa,
798,Lindsey,Blevins,(088)976-7646,lacey67@weeks.net,8FdAcADb8bD362C,
799,Jared,Howe,(281)073-0559x1032,larryhoffman@jarvis.info,bbb16Bf455CeC9f,
800,Mike,Mckay,768-471-6955,sschroeder@proctor.com,B4BEf2a9E3ff02B,
801,Leon,Summers,463.646.6346x373,shelia48@salazar-petty.com,fEa0051a1EA238A,
802,Darren,Gibbs,001-374-843-5948x172,maddoxdevin@burch.com,c1803aA7dBF4fA6,
803,Chase,Lucas,001-935-548-0761x3295,cannontyler@townsend.com,aC2BdC8A1093b60,
804,Kent,Cobb,(929)948-5632,tracicabrera@park.com,E9DDfBc16fA07b8,
805,Miranda,Lawson,-10964,audreymarks@howell.com,223fD1E2b32101D,
806,Kathy,Nguyen,360.599.9289x53367,breanna07@maddox.com,62aEeB2EA3CD9E9,
807,Jeremiah,Rubio,189-903-6785x140,wblake@oliver.com,fE82a9493bcA35B,
808,Gilbert,Barry,668.708.3988x52213,sheenaboyle@stephens.net,7A671fbBAb661E6,
809,Tony,Shannon,(653)584-1417,bailey25@parks.net,684befCF02AeFf7,
810,Dana,Salas,(559)029-8611,prattdouglas@todd-wolf.info,7CEc10576a8127e,
811,Benjamin,Galvan,645-072-8460x93481,masoncarson@meadows-deleon.com,F2A5E6Baad44E89,
812,Teresa,Vargas,742.369.1842x534,tim18@daugherty-raymond.com,34aC4746EfbD7cb,
813,Tricia,Leon,072-837-0392,brendantodd@curtis-gross.com,EDA3D13E1858dF5,
814,Carmen,Daugherty,635-818-8774x874,riosraven@case.com,dc0aC8C1d81AAaA,
815,Tiffany,Rowe,001-851-807-6472x362,alice75@burke-peck.net,9a30Bfd62Ab7BC2,
816,Wesley,Snow,537-095-1160x857,farleygene@white.biz,Dc8DF1FB64E24C8,
817,Raven,Mejia,(138)399-4430x4215,princeadrienne@patrick-brewer.com,C4d519Dfb0DA5c7,
818,Elijah,Richardson,-8193,moonbeverly@leblanc.com,Db4B1F86Ee2fD65,
819,Colton,Sandoval,692-985-7073x2420,mosleyheidi@walter.com,271dffEbDb9f816,
820,Krista,Mcclure,5571388845,wyattwinters@cole.org,FA6a1B1Fc04B8EE,
821,Johnny,Rubio,427-530-1546x613,skaufman@cline.com,FE4C2A12696Da3F,
822,Amy,Ballard,(549)636-2012,brockoscar@cole.org,3dDfaA2327886E9,
823,Rachel,Watts,001-884-328-3072,kelliroy@sawyer-barker.com,BD1deD31a3aA0DE,
824,Judy,Mullins,(607)174-9629,hdonaldson@harmon.com,0c51e11999e0AFd,
825,Priscilla,Huff,331-641-0899x39193,gregoryrobyn@summers.com,D587E5CF497946C,
826,Zoe,Solomon,711-700-7316,angelicaarias@harmon-cabrera.info,afC5fBDC4FFFE8f,
827,Gabriella,Ho,-1285,ericperry@simon.com,5fE0D8439cF1ADa,
828,Jeff,Jensen,4846115390,alice96@payne.com,06e8FD29ea896Aa,
829,Natalie,Ball,994-837-8130,scottdrew@vazquez.com,A7bdD273350e6C9,
830,Matthew,Fields,(755)596-9258,eriksnyder@giles-bowers.com,adAA90eC2d4D59A,
831,Jack,Mendoza,186-954-2345x50800,kmccullough@bryant.com,4A231C5DceB9739,
832,Sheryl,Lyons,4607479481,mcfarlandrobin@callahan-wilkins.com,1aeE81d4dD1C47d,
833,Nina,Contreras,485-800-8615x614,willisemily@kidd.com,10F81cEE6065efd,
834,Samuel,Walker,964-392-4331x122,grace28@bullock-mcpherson.com,8d2Fea5a6AdC2bA,
835,Charlotte,Spencer,318-651-3240x85546,ashleyrubio@holder.org,0c513bE2Ef3E658,
836,Eduardo,Schultz,811-191-5436x801,monique25@scott.com,bBEEd0afFa68EDa,
837,Adrienne,Medina,2359699770,edwardsjoyce@freeman-chang.info,6140fD9b8bEf5da,
838,Darrell,French,001-877-608-0266x60716,mayerdaryl@krueger.com,7c71384AabBEd7a,
839,Rodney,Dunn,(585)620-7194,candacecalderon@green.com,a5cAAaeD7Bc74Ba,
840,Bryan,Sampson,001-937-687-3361x3635,allison44@bonilla-schmidt.info,Accc1dd8fafEbfA,
841,Gregory,Baxter,070-106-2837,mcochran@woods-norton.org,78B0329Ce7DeDea,
842,Edgar,Norman,(116)825-6659,orangel@bennett.com,724a0B2081Bf67B,
843,April,Garner,(236)750-8118x7379,maloneclayton@figueroa.org,064ae539Cc1BA9C,
844,Mercedes,Bush,(455)733-8072,patricia64@ballard.com,AD06dc859BACdBC,
845,Theresa,Randolph,651-731-8085x65555,hcortez@greene.com,5aDDF9dF3CD1E1b,
846,Tom,White,583-004-9289x49426,moniquemcneil@dudley.com,2ae4f6e677f1FEF,
847,Tiffany,White,(034)709-0999x48553,dorisfritz@curry.org,F05cA3cFf1Ed285,
848,Lacey,Clark,682-061-5849,mcbridebrad@kirk.com,9a7Cbd5055ceB62,
849,Gail,Thornton,966-127-7839x7355,melinda57@pham.com,DcA3aBa0cEF4342,
850,Leslie,Figueroa,705-681-5759x767,geoffreysteele@rios-morrow.net,cEAcd7EB0dF56B7,
851,Katie,Mcintosh,001-962-347-9603x708,stephenharper@wall.com,Dbff2b9BD9220BC,
852,Kelly,Bradshaw,(562)102-3959,tgill@novak-patton.com,89A9A525b79da34,
853,Blake,Avila,013-020-1516,alexander77@mcdonald-daniel.info,1af73b0bE86AeeF,
854,Jesse,Miranda,586-661-5901x98348,richmondkeith@kelley-young.com,8054ECF4eF1CeF2,
855,Kristi,Thompson,8240496302,ericalee@stanley-waller.net,26E14acEb9c3dE4,
856,Isabel,Snow,132-733-2938x347,ralphmcdonald@ware-bryan.biz,D4Aa5659f26c836,
857,Donna,Sims,001-779-019-8697,mackenziemaldonado@colon.com,53a3B3aA7e63a0F,
858,Connor,Thomas,(958)711-7807,darryllucero@herrera-melendez.com,0ddacBAAcFA4C2f,
859,Chloe,Hanson,(276)082-5145x32289,mullinsrita@whitney-frey.com,dfAFEdCbf5D7ce4,
860,Drew,Guzman,-6366,morrisonann@levy-gillespie.com,590a7D15caCe9eD,
861,Clifford,Conway,911-898-5670x6524,kerrynewman@walters-herrera.com,8deC6E8057ABfE9,
862,Ashlee,Carney,6195341447,vguerra@newman-higgins.com,4aC6cE57Dc887bE,
863,Jackie,Mccullough,001-408-710-3110x07304,spencergalloway@rivers.com,E9a689c736ef033,
864,Crystal,Dougherty,238-636-2070x8867,stuart08@grant.com,F82b6FDf077E8c7,
865,Caitlyn,Tapia,4714761575,cartersally@moon.com,0BCe8B6CCbdF701,
866,Brenda,Estrada,701.328.4420x6558,hardinrebekah@burton.org,3d4AEe4F87bccd1,
867,Tina,Andrews,710-467-4230x82225,karlflynn@riley.com,2Ba8B54fb7a9cDB,
868,Andre,Cunningham,(924)552-7169x9565,juliannguyen@herrera.com,57D3fEC7aAeCEDc,
869,Jesus,Abbott,6682148764,pkent@gillespie.com,E0BD8d8E73348Ba,
870,Kendra,Bishop,224-175-4327x551,greg54@vang.com,05CeeD0bFdFf4Ef,
871,Tyrone,Ayers,512-094-9201x7349,pamelatorres@walsh.com,Ba74a4190Ea89fD,
872,Isaiah,Andersen,469-240-7284x79805,vparrish@marsh-kane.com,1fBDc535F57Cd32,
873,Shelia,Rojas,943.205.6051,gonzalezkari@dominguez.com,aAba4dc4C0AA9dc,
874,Donald,Arnold,029.144.3636x4543,isaiahescobar@wyatt-baxter.net,ab25b3a4dACFB72,
875,Kaitlin,Fowler,759.850.2425x488,nathan99@patel.net,9dc1CBC08CD5fFc,
876,Mallory,Browning,449-913-8622x010,rfuller@hays.org,9a100203128534C,
877,Cathy,Compton,692.308.7155x60161,kathleen13@cobb-durham.biz,4A1ff961e9Dc6aA,
878,Larry,Blanchard,344-879-6265x2915,rhondachang@hooper.com,D5E2D45D2b42BFF,
879,Robert,Henderson,002.334.6601x96537,bauerfernando@lester-baldwin.info,7d4B6DA49e3D315,
880,Glen,Simon,616.128.9143,rbrown@blair.com,e82B74D5DD08Eda,
881,Holly,Nelson,001-088-949-3404x580,sarah29@mcdonald.biz,d0D239b1D4FFC05,
882,Erin,Wall,021-474-8646,finleyangie@carson-medina.com,d1335FA9C3F7deE,
883,Chloe,Durham,281-238-4266x80391,isabel97@small-pope.net,CC6DEE7BAfA2b0C,
884,Jeanette,Schwartz,001-920-467-7130,brittany40@ho-jenkins.com,3E5fe1dB04d9d64,
885,Max,Clements,918-397-7603x7533,garyglenn@richard-kirby.info,F5F0d6B7dBEc22E,
886,Julie,Coffey,648-667-5654,wbrady@hayes.com,8afAf9c570aBeE7,
887,Regina,Gilmore,283-289-1603x6932,joannejohns@rich.biz,3Fe2CbaE30bdF77,
888,Lacey,Stark,3204843368,vcombs@curry-benjamin.com,7bEBEE4079e5ABb,
889,Devin,Jefferson,538-646-3674x42522,tdaniels@cordova-baird.net,fcb32CfCCaE054C,
890,Shawna,Spencer,113.198.1232x349,morgan50@phelps-owens.com,DcEbb7E5B6CAcB6,
891,Edgar,Meyers,001-191-297-9239x9405,robersonclifford@byrd-salas.com,48d073fdcFBcbBE,
892,Levi,Larsen,741.270.4555x931,brandihickman@lyons.com,806DBC6fcaF0E9D,
893,Victor,Simon,(384)624-2077x889,teresaholt@coffey.info,5CAC1538292a55D,
894,Lacey,Boone,503-287-7815x72275,estuart@stein.com,690D995dAF9f4c4,
895,Chelsea,Lester,(560)442-1117x162,murrayeric@mcgrath.com,a90DaCCBF50263f,
896,Dominique,Benjamin,(025)969-8906,jackson23@ashley.com,FCe3d4F91F1f9cF,
897,Cheyenne,Marshall,784-904-2626x326,debbiedeleon@barber-flynn.info,fc326c8DcEC2EcD,
898,Frances,Vance,001-078-423-6098x72526,rlutz@dodson.org,d268cFcCA1f1ffA,
899,Melvin,Todd,879-286-7868x85150,brian89@casey.info,45e85eD91DE9cFb,
900,Gilbert,Larson,001-356-872-6888,alexander26@middleton.com,a5C40E07EBd3875,
901,Tim,Hawkins,492.286.3536x1095,kenneth60@mcgrath.net,40e1B08BeD056A3,
902,Peter,Glass,773-576-9568x46072,pamela16@tapia-wolf.biz,c9c2C2AEc9caD3a,
903,Dan,Shepard,380-680-3322x12351,richardkatherine@fields.com,a633a7f3C9B5Dc6,
904,Crystal,Garcia,403-529-6844x329,ymejia@wolfe-vargas.com,5162a6aE402a0c6,
905,Helen,Diaz,001-149-326-1812x189,ethornton@francis.com,DDbFba721AC7d3d,
906,Christine,Cervantes,218-634-0508x106,alexander60@bruce.net,86adca7aC49faC8,
907,Jeffery,Zhang,333.790.0532x37031,ujarvis@watts.com,AFfCe84Edb17adc,
908,Mario,Nolan,576-085-2510x50951,pamelaneal@valencia.com,e5Fd9db6dF905EF,
909,Abigail,Cochran,015-330-3044x9291,elijahcherry@mann.com,8e1C3eFE6EB28A5,
910,Darlene,Nelson,855-196-9418x81071,sbarton@shepard.com,4357eFC7FB4439C,
911,Dwayne,Davidson,608-318-1360x5790,johnsonterry@powers.net,f9bAA2FC2A7e0eA,
912,Gregory,Osborne,(512)496-2505,maureenstanley@nolan.com,d0EDae6aC12133F,
913,Latoya,Clements,(885)565-0844,edowns@cantu-rodgers.com,8B4cDEf8Fc9EA89,
914,Brooke,Savage,921-336-3578,jonathan71@bush.com,8dB73bC702FeAbc,
915,Savannah,Grimes,058.465.8134x2518,diana73@gilbert-schneider.biz,418Cc64f9d2b3B6,
916,Donna,Webster,022.369.2480x0199,krausetom@buckley.org,344A16A0C7feBCf,
917,Jim,Ochoa,001-197-167-5644x088,carlosodom@schultz.org,A8c388CC47DcF22,
918,Leslie,Spencer,001-738-796-7880x03902,huffcaitlyn@charles.com,DBFCf4ef29d36d3,
919,Ariana,Harmon,(879)760-8633x890,joshua45@dillon.org,b29BB98128A42eb,
920,Paige,Wong,307-022-1642x87860,hammondcaitlyn@aguirre.biz,0Bb3cBf4c51Bdd6,
921,Darryl,Burnett,363-873-0767x6275,emercado@boone-craig.com,241B20c8a30746b,
922,Kristopher,Glass,702-319-5627x093,aprilblevins@cummings-parrish.info,aA5c0F4dedefEf2,
923,Michael,Huff,349-685-9860x3658,traci55@golden.com,d6cfDDFe3fd72CE,
924,Douglas,Wilkerson,001-288-580-6595x26613,epope@powell.com,D8F2ccd0f4bEceA,
925,Tanya,Howard,569-568-6926x10347,kmelton@strong.biz,753E24365A51CAC,
926,Christy,Franklin,663.769.9149x356,coltonarellano@boyle.com,F7DFD12cDbe29Ec,
927,George,Dorsey,883.277.3498,villanuevalogan@murillo.info,eed3Be5e7A62DEF,
928,Colton,Nixon,320-691-4069x2667,nmccullough@vasquez.info,eBFbD846CcAE6bc,
929,Daniel,Cobb,(861)168-6984,barbaranorman@vazquez.com,6e8f4DDbab9c73f,
930,Cristian,Ball,985-631-2105x524,vwagner@blevins-alexander.biz,3ecf04b7DBFCBD6,
931,Francis,Goodman,118-578-4457x94867,marthayoung@ellis.net,a3E9d65eaB46Ac9,
932,Dylan,Boyer,782.213.1004,randy44@raymond.com,220d9fFC0d86592,
933,Olivia,Cooke,748.787.9668x90728,gbender@brown-baxter.com,53B031B713b45aC,
934,Dana,Cohen,(564)993-0360x899,herbertparker@wallace.biz,6c59A2C1eF89B3B,
935,Megan,Mills,(375)628-3997x70991,gavinhaas@harrison-barton.info,C5a46C5E57D2a4F,
936,Daniel,Hurst,(241)100-8810x6119,saundersriley@aguilar.com,eccfaf82F414BFb,
937,Danielle,Compton,498-398-3416x21339,toddskinner@hart.net,dBBAff2e0aCCdF9,
938,Mitchell,Mack,167-360-9181x008,shannonmcfarland@cisneros.com,cFA09AcDD9F8c33,
939,Jessica,Mcknight,001-660-874-4134x948,jilldixon@frank.com,E41Ac1BB8A764dC,
940,Tyrone,Marshall,839-602-7946x882,carol33@ayala-chase.com,dEABaFeF51dc23F,
941,Greg,Allen,(436)244-8885x6762,aaron08@davies-rush.com,E4efFE26A13a5AB,
942,Jill,Schultz,846-215-0904x846,tterry@clayton.net,13fFEAfb9f4DabD,
943,Noah,Hall,(335)034-0871x88037,don16@crawford.net,4c8844EB97f0e75,
944,Wendy,Melendez,(488)032-4779x891,salinaseric@osborn.com,5EE87b91F488bEF,
945,Guy,Rush,1259274868,theodorewatson@lucero-ochoa.com,2fa651E2e475327,
946,Monica,Joyce,374-180-9047,dboyle@donovan.info,3F268B8b63a7Ee1,
947,Lauren,Garcia,142-396-1658x989,penaleon@mccoy.com,A5e1e33Ca19a55a,
948,Louis,Norris,222.647.8600x32096,lindsay05@drake-sanford.com,daC7B2Ba7659be3,
949,Shelly,Rasmussen,(855)693-9892x347,dorishaney@morse.com,F83cA67fFd871a5,
950,Dave,Espinoza,179-919-6141x7137,josephpineda@villa.com,B1BF2A6fe2fCb01,
951,Beverly,Mayo,(450)955-0268x4381,costabob@daniel.com,1B3be3D5fB55bb6,
952,Larry,Key,001-406-973-8446x255,ygood@vaughn.com,a9feB7dCD2FFd4e,
953,Jennifer,Mcguire,-5568,fnielsen@soto-villegas.com,43fe2d321B8C7B0,
954,Olivia,Mills,(115)592-3747,bhouston@rosario.com,bDfBAf9bbE8c03B,
955,Loretta,Simon,481-365-5890x02793,tduffy@haney.com,cfC46fCFF88DaF9,
956,Janet,Stevens,(295)611-6638x365,cesar60@bean.com,27cAAd4e0DD5598,
957,Laurie,Hutchinson,419.757.5412x23780,georgegabriella@burch-harrell.com,48aACDdf7EECADe,
958,Shelly,Green,(693)244-7476x383,johnathan92@huff.com,b8ef0f40D818b8D,
959,Curtis,Marsh,5167984365,alvinrivas@mosley.com,dCAEa0C51c5BC79,
960,Molly,Prince,262.894.8993,ewatkins@ewing-brock.org,dc9c71CeFaCBfc7,
961,Jaclyn,Mcmillan,260-019-3215x45757,barry52@herring.biz,0E73a97E694aA57,
962,Alejandra,Harding,842.665.4327,uhaley@pena.com,a59571eD1ebab1B,
963,Angie,Salas,536.083.3908,kleingregg@melton.net,B8F7cfC1d62b18a,
964,Krystal,English,(977)624-0133,theodoreharper@meadows.com,b24e1FB162012BE,
965,Jenny,Chase,457-502-3219,nross@hodge.com,d5c6BC7C1dc0FAf,
966,Erika,Collier,510-293-3320x16648,lanedorothy@cooper.info,511aEB7e064eBe7,
967,Anthony,Meza,995-049-8408,latoyahendricks@wheeler-mitchell.info,6e4bf2f463Dbac6,
968,Alice,Choi,001-755-948-1608,victor56@glover.com,abCf34aEAe47beD,
969,Malik,Marks,001-566-143-6121x376,carrillotabitha@leblanc.com,Bac32EfAEEEbbB2,
970,Ruth,Jensen,339-153-0326x088,morsebeverly@farrell.biz,F2DB5BF7E37e69E,
971,Jack,Boone,561-746-9597x5175,ashley91@blevins.com,33AfECB93C9572B,
972,Charlene,Zamora,680.568.9711x125,sherryburton@robinson.com,16D51395c3EBE0e,
973,Jorge,Mcgrath,350-818-9538,hchambers@barrera.biz,F9F39Bfe4f410fB,
974,Tricia,Harris,(953)448-9485x73256,madeline80@cooper-middleton.com,Ed05E52c79AD1F2,
975,Tyrone,Nolan,958-745-1433x206,meadowscarol@solis.biz,d2f7Eb743D22D4E,
976,Arthur,Pugh,001-392-520-6820x33647,bryce90@chambers.net,8Ac01DF5f9Fc86E,
977,Kristie,Oconnor,(229)550-6154,kellie08@arias.net,B514ed4fE9823f9,
978,Albert,Acosta,838-645-0952,caitlyn95@hardy.com,347Bfe8615fF804,
979,Erin,Deleon,001-518-684-6850x328,gabriel69@barr-orozco.org,2141FBB77A7D2E6,
980,Jasmine,Robles,203.157.5411,collinwerner@terrell.com,637675c8c0BA49e,
981,Kendra,Zamora,(501)586-1110x57986,pecksamantha@huber.com,B44fd0024F9F853,
982,Dakota,Salas,975-398-3312x6830,murillomarcia@wyatt.info,1dFa2Ae2BA1c6b7,
983,Jimmy,Wang,750-322-6558,fbarrett@steele-blanchard.com,cEb0837433A348b,
984,Lisa,Yates,001-932-182-2660x0209,beverlypreston@cook-fuller.info,Ff2d5a11Cc04713,
985,Collin,White,(115)594-1470,andrea14@tran-stevens.org,fDeEA94e308E40B,
986,Brittney,Horn,201-612-7730x83016,rthornton@hendrix.com,e847e7A59d5b79C,
987,Maureen,Hurst,757-412-2039x9425,wolfecody@marshall.net,e9d6Dbc37c7FEca,
988,Cynthia,Greene,001-241-633-1236x0619,chad71@blankenship.org,e4D86CB5ED2a7c6,
989,Maureen,Rivers,(759)812-4987,duncaneric@salas-huff.org,bafc42A5bdEdcCB,
990,Garrett,Villa,238.972.7132x0187,duncanpedro@higgins-maldonado.com,10f6fe41F7f714c,
991,Bill,Richards,(634)290-5807,roger88@holden.com,d9f860f54bF823e,
992,Kiara,Moon,001-414-102-0839x208,paynesteven@nguyen-richardson.com,aB56cEcDBa37C34,
993,Colin,Kaufman,(336)784-5689x056,robersonjanice@peterson-herring.com,b87FD93cE2b0D61,
994,Evan,Marsh,001-925-357-3563,julia00@mcclure.info,0DC07FbBC85ac2C,
995,Kristie,Rice,4200976464,joycecombs@guerra-burns.com,c9c09BdD3c9de1a,
996,Diana,Monroe,171-715-9766x54993,cassidymercado@bonilla.com,FbcCaF483aFaFAE,
997,Jerry,Morales,132.253.8501x097,gavin13@logan-downs.com,979c4D58Ae9a9cc,
998,Tracie,Floyd,1193982387,lowehailey@oconnor.org,D0DcF6a4BcefCc8,
999,Paul,Barnes,537-466-3245x3699,hodgeseddie@hardin-wells.com,90EE9CbbDa374E9,
1000,Dominic,Duran,-5366,owarner@velasquez.info,51732B5b2328015,
